0,-0.48457550549461975,-8.857152059742477,86.38328779406302
1,-0.45833659365164414,-8.850327182745925,86.38393034022698
2,-0.456104734886746,-8.850211437851788,86.38680788918555
3,-0.45375998826171926,-8.850083652831486,86.38889957758016
4,-0.45131431286795237,-8.849951763706846,86.39145396205195
5,-0.44875510366799787,-8.849819597661671,86.39547013283779
6,-0.44608468388623673,-8.849681678612107,86.3982205592696
7,-0.4432869206259763,-8.849540190364536,86.40015285969095
8,-0.44038683611663465,-8.849405599884022,86.40311061111495
9,-0.4373470091154175,-8.849261371622156,86.40433538808439
10,-0.4341958261036375,-8.84911508815233,86.40469032492862
11,-0.4308906631247456,-8.848957962178481,86.40684817508333
12,-0.42747044054963185,-8.84878859884162,86.40899425038553
13,-0.4238861997875064,-8.848609901468151,86.41079139590155
14,-0.4201673489566946,-8.848416519416856,86.41086092517918
15,-0.4162835007185791,-8.848218437605942,86.41524428077126
16,-0.4122693398315242,-8.848009943267334,86.41889208985421
17,-0.4080880800916379,-8.847796419389095,86.42159233264528
18,-0.4037624229277699,-8.847580608352363,86.42413222697498
19,-0.39926251424007586,-8.847355524816923,86.42631564091906
20,-0.39461087367146025,-8.847125698129753,86.43108671249627
21,-0.3897846167952216,-8.846892036369308,86.43232877156309
22,-0.38478104833174426,-8.846642462328893,86.43479144077122
23,-0.37957270163659873,-8.846382014226558,86.43728573906374
24,-0.3741782000739285,-8.846110299955452,86.43898457903911
25,-0.36856821429931796,-8.845837853541164,86.44321901797187
26,-0.362779044542232,-8.845558207981917,86.44731847184869
27,-0.3567838555614246,-8.845270858351375,86.44976705528066
28,-0.3505898351731732,-8.84497118062887,86.4534516788036
29,-0.344165683473415,-8.844660582296552,86.45593470096257
30,-0.33753384254305113,-8.844335189622718,86.45917227434765
31,-0.3306818636805471,-8.84400449285556,86.46255757909691
32,-0.32362311057669546,-8.843660825793263,86.46719254607135
33,-0.3163407946934941,-8.843307782880146,86.46880928847114
34,-0.3088658099463945,-8.842945114808835,86.4723183825111
35,-0.30114659699368285,-8.842570713511893,86.47706230006982
36,-0.29320473503897315,-8.842187893357323,86.47891869402089
37,-0.2850228174720493,-8.841784683646326,86.48318203472598
38,-0.27660687231485753,-8.84136940461811,86.48666495529683
39,-0.2679466577472394,-8.840938879970471,86.49123532609634
40,-0.2590524180131661,-8.84051032611342,86.49561407091272
41,-0.24990430572312897,-8.840075621622493,86.49986865052728
42,-0.2405295305974215,-8.839628491210126,86.50210159124084
43,-0.2308758788649266,-8.839175237777042,86.50491999131478
44,-0.2209864568209015,-8.838721405256571,86.5097715466615
45,-0.21082512178370055,-8.83824477846802,86.51396566083079
46,-0.2004264142948381,-8.837759036970239,86.51764381471438
47,-0.1897668148887105,-8.837266977581733,86.52063254896707
48,-0.17887669151343422,-8.83675447498838,86.52612001925797
49,-0.1677297773118189,-8.836228092443541,86.53037243616338
50,-0.15633417266558736,-8.835685792885048,86.53645511729673
51,-0.14468130576146526,-8.835143922513936,86.54309005839632
52,-0.1327766180587488,-8.834598863217462,86.54709352149939
53,-0.12060634957328456,-8.834081204852895,86.55168818434028
54,-0.10821151969767771,-8.833543242927169,86.55825012069617
55,-0.09555266270320233,-8.832991994338396,86.56315534815293
56,-0.08268740958214559,-8.832380949848812,86.56875219860436
57,-0.0695269833502579,-8.831761190646324,86.57329293300631
58,-0.056131653319845994,-8.831097640918784,86.57550607082798
59,-0.042431006522855086,-8.830482590154338,86.57927189404265
60,-0.028477855412115442,-8.829883417745124,86.5834680984618
61,-0.01423684140935876,-8.829324524256112,86.58725827127476
62,0.0002508149163636992,-8.828757313683685,86.59083352256388
63,0.015048249035762963,-8.828157267909706,86.59332210828298
64,0.030094111828017214,-8.82746872906244,86.5974280594892
65,0.045434110339307845,-8.826739949953394,86.60291905308642
66,0.06101902541899016,-8.825996763087057,86.60899382381197
67,0.07686697991390484,-8.825294079201981,86.618697229012
68,0.09294539535884047,-8.824615809293984,86.62932482248586
69,0.10929202505891818,-8.82394830930685,86.63857782194442
70,0.12585939258475556,-8.823270845703087,86.64605554765822
71,0.14273201870566948,-8.822565212732657,86.6522256348778
72,0.15986250455428083,-8.821829816721825,86.65576193973106
73,0.17728640140195995,-8.821074252848787,86.65534478852277
74,0.19495144457752508,-8.820321656995839,86.65716528608047
75,0.21287393664455131,-8.81960639728932,86.65677618695109
76,0.23103137856254122,-8.81891305690822,86.657216520158
77,0.24943498894813282,-8.818224820227806,86.66194944175109
78,0.2680749901412813,-8.817530821075636,86.66426033605748
79,0.28699765393650467,-8.816791329638885,86.67275695668985
80,0.30615578264287013,-8.816021363531187,86.68094455653468
81,0.32558630546921347,-8.81526323242333,86.69053405550345
82,0.3452340988573863,-8.814482602902666,86.701490808764
83,0.3651290896216113,-8.813722784236335,86.71147217841187
84,0.3852420090127878,-8.812934632891226,86.72015815762664
85,0.40560852464529124,-8.812158402541227,86.72827729683424
86,0.4262067713056201,-8.811334425095,86.73571499686138
87,0.44708305472166915,-8.810460568816692,86.73847552401011
88,0.4681848872314969,-8.80953166531193,86.74270856444733
89,0.48957118929569604,-8.808591783604195,86.74393910309239
90,0.511180894167613,-8.80763304763166,86.74657237024677
91,0.5330531961089622,-8.806696580488241,86.75256376219828
92,0.5551464806811439,-8.805716143728713,86.75912670265986
93,0.5775112928602977,-8.804719430984468,86.7655460106627
94,0.6000832658789093,-8.803689056221804,86.77523384465678
95,0.6229172288018957,-8.802675990964943,86.78559512525108
96,0.6459541290708775,-8.801644597671196,86.79598633808783
97,0.6692100523182015,-8.800640001764599,86.8042319609207
98,0.6926613130471009,-8.7996306098468,86.81182374972629
99,0.7163809625456498,-8.798661576532892,86.81581314358978
100,0.7403050679087905,-8.797673476727335,86.82338040133496
101,0.7645060247832879,-8.796672638577173,86.82098900932436
102,0.7889105382879009,-8.795636734871177,86.82376692492115
103,0.8135615935272568,-8.794589659670098,86.82592038562002
104,0.8384335647425987,-8.793551875902466,86.82992718107293
105,0.8635203366547266,-8.792492556237848,86.83710311376085
106,0.88881939576997,-8.791434036565885,86.84512878378867
107,0.9143635750538639,-8.790337936173803,86.85421201699468
108,0.9401088556457056,-8.789185984617873,86.86069950412531
109,0.9661602807361305,-8.788071580646273,86.87073064842478
110,0.9924088793461783,-8.786921042884071,86.87897514467754
111,1.0188716690641422,-8.785800922988608,86.88838616360832
112,1.0455467884019423,-8.784694390345148,86.89731787226917
113,1.0724368053890323,-8.783610655125557,86.90690678505622
114,1.0995571063878233,-8.782541210110095,86.91691269781255
115,1.1269134685556572,-8.781448260773901,86.92230318758874
116,1.1545320484662505,-8.780327269091568,86.9289624573337
117,1.182404595461499,-8.779194090538857,86.93323327224624
118,1.2105171798903673,-8.778061009815621,86.93638141694387
119,1.2388602107263809,-8.776936326648437,86.94197442743067
120,1.2674385162042472,-8.775835314269886,86.94899558397466
121,1.296244689152648,-8.774730914940175,86.9545726784473
122,1.3252714641933028,-8.773645676775802,86.9627611546757
123,1.3545342664696236,-8.772536263685408,86.9740886020437
124,1.384005025807843,-8.771424343320202,86.9844764248132
125,1.4137118754008562,-8.770280701747163,87.00056412363644
126,1.443601228387706,-8.769120112006227,87.01538589385824
127,1.4736971556513638,-8.767938040016727,87.03218068399899
128,1.503960731973314,-8.766722996337776,87.04664069947466
129,1.534432708914869,-8.765528290144724,87.05995093729986
130,1.5650929797385722,-8.764343138104602,87.07250300117862
131,1.5959694619179967,-8.76314032705498,87.08168676726325
132,1.6270522626619992,-8.761958539875488,87.09267538927271
133,1.6583715802518142,-8.760770186286845,87.09996184368737
134,1.6898870957766787,-8.759586085913597,87.10759418718892
135,1.7216081154650862,-8.758392679905848,87.11563119398478
136,1.7535171163638157,-8.757202967749794,87.12301564571578
137,1.7856343397319239,-8.755999205229617,87.13325893595766
138,1.8179432697103262,-8.754821909527633,87.1429957275086
139,1.8504464452427256,-8.753649918707922,87.15347699705192
140,1.883145276988058,-8.752495773089292,87.16484470971746
141,1.9160445422809653,-8.751339455498488,87.17907471462041
142,1.9491367030642495,-8.750190084589482,87.18907193706823
143,1.9824236426403037,-8.749037150005101,87.20024519602961
144,2.0159074382165296,-8.747891140800936,87.20993662221449
145,2.049572035670144,-8.746750253443246,87.2179235596381
146,2.0834155735130673,-8.745664033828314,87.22486156637152
147,2.117388040007933,-8.74459929251721,87.23188717950427
148,2.15150123669831,-8.743548340428642,87.2402766244331
149,2.185717703560403,-8.742484435401774,87.24754177612881
150,2.2200646491025986,-8.741384439187465,87.25553371676092
151,2.254496567455162,-8.740312224177707,87.28266461345908
152,2.289053055232699,-8.739216499324584,87.29411384648975
153,2.3237164743508902,-8.738128010696949,87.30634162993883
154,2.358487469543888,-8.736980729709586,87.31793138083098
155,2.3933266041687182,-8.735876639647255,87.33212538213593
156,2.4282489955445925,-8.734773676201801,87.34572371665799
157,2.4632529688170006,-8.733706301384299,87.35934039079731
158,2.4983811418829607,-8.732634621280873,87.37277506830331
159,2.533638258143739,-8.731583199768606,87.38664670303295
160,2.5690357010352303,-8.730538440917073,87.3990539352028
161,2.6045290844891227,-8.729569465196324,87.41109663236871
162,2.6400814889918305,-8.728591199620022,87.42684431869522
163,2.6757136514720883,-8.727681375230066,87.44528207507975
164,2.7114472614169833,-8.726744313220312,87.46243944830225
165,2.747287416104422,-8.725859828242726,87.48056034474513
166,2.7832821264144663,-8.724958691741461,87.49937207755742
167,2.8193920259947065,-8.724100121318893,87.52231612256875
168,2.8556570956340472,-8.723219255242997,87.54387900454441
169,2.8920187457223165,-8.722381643207925,87.56827953846968
170,2.928511288962644,-8.721534042309909,87.59286864364788
171,2.965109338341814,-8.720747253476947,87.61417956996084
172,3.0018266138510725,-8.719910646560853,87.63868117483949
173,3.038670773526342,-8.71916398122546,87.66047400303935
174,3.0756421639728244,-8.718366462707953,87.68325544054656
175,3.112757921545631,-8.717636952244673,87.70519986741623
176,3.149968228412404,-8.716878462165754,87.73049304690774
177,3.1872665427029245,-8.716223547467433,87.75914392293096
178,3.2246454075577167,-8.715541212113518,87.79215877761011
179,3.2621262822016703,-8.714916374456662,87.83091362022284
180,3.2996908547305615,-8.714262021488883,87.8705554617099
181,3.3373538788917116,-8.713644577058046,87.91102759242136
182,3.375120631325159,-8.712989582676038,87.95101750279849
183,3.4129724607929166,-8.71242078947514,87.98864404803184
184,3.4509157588888204,-8.711852422305833,88.02473774454147
185,3.4889448975200037,-8.711391008789862,88.0593778399893
186,3.5270686872452823,-8.710958258521629,88.09309283642345
187,3.5653131016405224,-8.710632655987789,88.12530327877121
188,3.6036864761972685,-8.7103237728271,88.16087482126122
189,3.6421775886631638,-8.710088014044485,88.19607112357585
190,3.6807872619225876,-8.709805604802519,88.23263064705776
191,3.719475764839334,-8.709591189413725,88.27427217389814
192,3.758255487943435,-8.709358207725932,88.3163800692644
193,3.7971339147563055,-8.709251784245245,88.36336140114513
194,3.836088701361455,-8.709166238679419,88.41096210831981
195,3.8751618427360612,-8.709204712487988,88.46147776186018
196,3.9143514870872953,-8.709261340765018,88.50982196483196
197,3.9536594656055795,-8.709366995021997,88.561929178819
198,3.9930501967218857,-8.70945528612475,88.61113055781894
199,4.032467860031942,-8.709571198275734,88.66162387935684
200,4.071959876217441,-8.709663902750204,88.71121609104796
201,4.11141845833188,-8.710053430535512,88.81611883812187
202,4.1509494009478,-8.710452772826388,88.86781728448545
203,4.190570287613739,-8.711056763337332,88.92401742912388
204,4.230333624170233,-8.711583807020086,88.98148059238963
205,4.270131893925882,-8.712323382085259,89.04283139729571
206,4.310050422355789,-8.712991402777673,89.10551784710455
207,4.350039842456741,-8.713840629696266,89.17440673552355
208,4.390173273383563,-8.714669712421072,89.24709434608754
209,4.430381698284262,-8.715667246459555,89.3219007586315
210,4.470729909305463,-8.71664204224522,89.39622750351948
211,4.511128748924339,-8.717806926226817,89.47308754595238
212,4.55165559857018,-8.718962125090217,89.5505969345277
213,4.592213734789114,-8.720295475375488,89.63029254449584
214,4.632857131040209,-8.721647504779238,89.7107545563059
215,4.673574638997394,-8.723176638671667,89.79429873910229
216,4.714377679665657,-8.72470070909973,89.87939750601488
217,4.755219810371692,-8.72638852398132,89.9679723605421
218,4.796186931034188,-8.72805294578376,90.05730701868184
219,4.837181395938577,-8.729921659202045,90.15223050537617
220,4.878308419154283,-8.731745826283678,90.24873877486424
221,4.91947808208132,-8.733761020408638,90.34666974300214
222,4.96078039300074,-8.735749181251174,90.44919949344602
223,5.0020970565264955,-8.737934756455132,90.5550390899816
224,5.04353153673531,-8.740116842933718,90.66447230642362
225,5.0850133733947835,-8.742503516883422,90.77847227461955
226,5.1266350252605095,-8.744916317614994,90.89749788927345
227,5.168309901627209,-8.747516354497668,91.01808573516763
228,5.210112293563103,-8.750103173355718,91.13931075321946
229,5.251914846682535,-8.752891461764792,91.2625400146277
230,5.293807680761937,-8.755657355902112,91.38476899533075
231,5.335696660979299,-8.758645843656902,91.50696194480913
232,5.377708924789048,-8.761668301908541,91.6306316454209
233,5.419757260989878,-8.764935462450444,91.75635089794157
234,5.461933597522423,-8.768265101314297,91.88345826575765
235,5.504158343652202,-8.771842799439568,92.01197877489153
236,5.546481434766486,-8.775477760944522,92.1441903377489
237,5.588814241733593,-8.779345173964622,92.27857539387534
238,5.631234836769408,-8.783246008374183,92.4159574009914
239,5.673701440616072,-8.78734522123888,92.55657572512831
240,5.716280931110959,-8.79150720196922,92.69638039588871
241,5.758924987125994,-8.795898999919357,92.84094641625487
242,5.8016979524024705,-8.800313382277569,92.98367786168538
243,5.844495045521514,-8.804902370528069,93.1272527494658
244,5.887405050738812,-8.80945674607854,93.26836863601274
245,5.930336483671437,-8.81420264176446,93.41069516358489
246,5.973377846200907,-8.81894303848705,93.55223491860752
247,6.01645757404818,-8.823899807976915,93.69512884978704
248,6.059657739931844,-8.82891709446551,93.83669136869203
249,6.102892302140172,-8.834186431500388,93.97831895515237
250,6.146221697228541,-8.83951478022237,94.11987242289416
251,6.189465846827625,-8.844953263633574,94.25473783322589
252,6.2327894223419325,-8.85032747465646,94.3989490416797
253,6.276101719856192,-8.85578621744777,94.54878696545171
254,6.319547534299654,-8.861355694528326,94.70028019869014
255,6.363035578830117,-8.867039088511907,94.85489840728265
256,6.406690481044057,-8.87283842857121,95.01175364319526
257,6.450369615324507,-8.878743512038547,95.16913422785116
258,6.4941950509337385,-8.88479467621623,95.32714267377129
259,6.5380267811843025,-8.890921621946806,95.48204699641092
260,6.581989210681917,-8.897225600371847,95.63690894381521
261,6.625982388666227,-8.903610108235192,95.78598301644502
262,6.670112350879128,-8.910189593401459,95.94007175886878
263,6.714305735784534,-8.91694624301641,96.09273771233806
264,6.758619894424377,-8.923849635268569,96.2498914141615
265,6.802955879496719,-8.930947186685206,96.41087621427374
266,6.847379055167961,-8.938195063349163,96.57245351546416
267,6.891788343604889,-8.945612027218392,96.73869270873132
268,6.936326258929089,-8.953166128290322,96.90257589619391
269,6.980890750146586,-8.960813333833048,97.0702539228764
270,7.0256177410325,-8.968550866751752,97.23492231000264
271,7.070358439790595,-8.976379251696446,97.39881205430262
272,7.115248548417137,-8.984285022913028,97.55948433814719
273,7.1601795031336835,-8.992336232636777,97.71797900317048
274,7.2052706973133915,-9.000543856703827,97.87405815280312
275,7.250370670542352,-9.008911621312711,98.02978452929457
276,7.29560718319483,-9.017492455366138,98.18339580205159
277,7.3408490706517595,-9.026246221954432,98.33858365019677
278,7.386154064493648,-9.035199394207366,98.49490760932629
279,7.431513877705203,-9.044320440264483,98.6520634966446
280,7.476926706969847,-9.053637748030882,98.81478011980367
281,7.522360631887491,-9.063077849936372,98.98073630822039
282,7.567932498404245,-9.072678814270564,99.14449390474469
283,7.613551213582918,-9.082324867737213,99.30908056257786
284,7.659285321632044,-9.092108635916054,99.4742719534716
285,7.705065737832879,-9.101995222874944,99.63667927921988
286,7.750954412411768,-9.112057625971422,99.79913033336398
287,7.796839325233496,-9.12226495554821,99.95590081742525
288,7.842806247754683,-9.132614066072053,100.11419630874998
289,7.888826953465648,-9.143175559656203,100.27110073093834
290,7.934909041018905,-9.153851619447085,100.4266202789582
291,7.981031511713958,-9.164690528236205,100.58663193824059
292,8.02728031031003,-9.175679400934738,100.74794369219875
293,8.07355302345316,-9.18683789811172,100.91584860582965
294,8.119959994000242,-9.198128723068093,101.08074599024191
295,8.166354034718987,-9.209558835897756,101.25024422194967
296,8.212891162791003,-9.22109158604957,101.4181403969792
297,8.259414934443663,-9.232820135587488,101.58472851225395
298,8.306074801962136,-9.244678832254204,101.75253954709949
299,8.352744609536098,-9.256720251503987,101.91692111831229
300,8.399557517794298,-9.268908717135727,102.08338482006313
301,8.446184179080095,-9.28109994408334,102.23999274917985
302,8.492915069155494,-9.29341208510841,102.40462012101787
303,8.539572261996758,-9.305810702657228,102.56906657106622
304,8.586433310808994,-9.3184614401797,102.73550514885015
305,8.633225565759995,-9.331216987785442,102.90216906045147
306,8.680238630039229,-9.344230656887655,103.07388771704817
307,8.727211277243288,-9.357334562636893,103.2462154986374
308,8.774368266303044,-9.370659180364068,103.41900342738288
309,8.821475785347552,-9.383996680813222,103.59161014775098
310,8.868738630787073,-9.397495022389501,103.76411741761551
311,8.915913317314558,-9.41106623035805,103.93067343887637
312,8.963209942218436,-9.424848287673179,104.09411370239137
313,9.010417582902086,-9.438803579690024,104.25276780968065
314,9.057784600171612,-9.453056121838245,104.41297730827026
315,9.105074823786403,-9.467515216725541,104.57168193006389
316,9.152543925983279,-9.482206333940601,104.72912807616117
317,9.199924258467346,-9.496955581588526,104.88723443374195
318,9.247477834169194,-9.511908327960166,105.04632309022533
319,9.294958949993244,-9.526924669803265,105.2089705464919
320,9.342591057223464,-9.542176201597908,105.3732337230239
321,9.390174779094576,-9.557520266665438,105.54080808947471
322,9.437918748912194,-9.573085793210927,105.70497692526322
323,9.485631244311241,-9.588726934841407,105.86527983067049
324,9.533489580514678,-9.604549940680192,106.02297006245043
325,9.581276336684288,-9.620465717265027,106.17628278953775
326,9.629211902828727,-9.636599558909296,106.32635684625316
327,9.677046595952115,-9.652845986502339,106.47755007258289
328,9.725010088053471,-9.669355297678319,106.62816117425734
329,9.772855798617051,-9.685984259826977,106.77892434570616
330,9.82086054400893,-9.702860583807562,106.9325993817422
331,9.868839658794426,-9.719817542945398,107.09035149336046
332,9.917024052328893,-9.736966862447655,107.25169683428246
333,9.965158201439984,-9.754148988749355,107.41327964179665
334,10.01348755351105,-9.771453163634863,107.5761100216955
335,10.06174089603076,-9.788841090808774,107.74149173050063
336,10.110105747261224,-9.806413131480005,107.90675079320678
337,10.158377406532782,-9.82414478094253,108.07270370020957
338,10.206780711550213,-9.842179323088187,108.23820365450105
339,10.255104913019496,-9.860344359499493,108.40537434585663
340,10.303596941697297,-9.878746828050835,108.5681579788757
341,10.352023954025807,-9.897231955409493,108.72926025469042
342,10.400594720256052,-9.915941216410932,108.89062153861495
343,10.449083093824449,-9.934732748057566,109.05087099156017
344,10.497667290400333,-9.953801470848111,109.21015658764725
345,10.546169341543251,-9.972974353629272,109.37012405117719
346,10.59481613186773,-9.992373278516958,109.5313530573947
347,10.643342645339358,-10.011802675708752,109.69142744579756
348,10.691997010078223,-10.031459475941324,109.8510477025672
349,10.74054803071909,-10.05120303514081,110.01271632779876
350,10.789215527674644,-10.071190972373184,110.17282369885714
351,10.837734282522126,-10.091076703837631,110.31906721770801
352,10.88641843470599,-10.111182681012107,110.47789619443466
353,10.93503069539611,-10.13135713171977,110.6411479238894
354,10.983715319011525,-10.151787377318044,110.80364363576142
355,11.032383677632462,-10.172240365113868,110.96050705085494
356,11.081161387770937,-10.192955859375777,111.1170659204818
357,11.12988699078605,-10.213690742808815,111.26823956974069
358,11.17869675705812,-10.234698432416153,111.41646413875745
359,11.227411623795303,-10.255734597501744,111.55932893528254
360,11.276192733330955,-10.277043650812166,111.7018458863731
361,11.324912784603299,-10.298365169491396,111.8420200978623
362,11.373746987754043,-10.319946632924523,111.9810374862761
363,11.422561269588995,-10.341507639740698,112.11980199905182
364,11.471471231426493,-10.363313933457153,112.25460567433822
365,11.52032728282405,-10.385117113987196,112.38957476333248
366,11.569280645450037,-10.407167576665477,112.52392297861053
367,11.618163679941409,-10.42921310053308,112.66216044808695
368,11.667115414977232,-10.451475429511127,112.79764797705046
369,11.71598662974644,-10.473710915343075,112.93793482190178
370,11.764950956488743,-10.496154035560973,113.07666634867739
371,11.813904113090658,-10.51862121157383,113.20902170162856
372,11.862951389971707,-10.541334635424896,113.34504691093214
373,11.911947250515988,-10.564073905192556,113.47306859511926
374,11.961021396571661,-10.587061384121643,113.60022107832287
375,12.009930327076896,-10.610062088964826,113.72359946517712
376,12.058899831082918,-10.633277992621563,113.84562695915533
377,12.107747793005911,-10.656500406672189,113.96895659568423
378,12.156659673291085,-10.679985402927846,114.09216493705583
379,12.205582292278,-10.703423093897817,114.2149435955205
380,12.25461620183254,-10.72708195206837,114.33383930867109
381,12.303605977395277,-10.750651415398766,114.44835854192007
382,12.352674741375063,-10.774456729818624,114.56011352108159
383,12.401601374195652,-10.798225061540487,114.66739855182452
384,12.450564858663073,-10.822265872023479,114.77410526128865
385,12.499428576579897,-10.846314466261452,114.87977694841445
386,12.548337218651431,-10.870651863371062,114.98582496367776
387,12.597190186959358,-10.894970077224814,115.08766087767287
388,12.64614671023698,-10.919570101509459,115.1865941288126
389,12.695065361442664,-10.944145193478588,115.28138841652655
390,12.744069616861898,-10.968956362176137,115.37568052985075
391,12.793013127901554,-10.993688221148052,115.46391751299552
392,12.84198416860477,-11.018633900642424,115.55080950807532
393,12.890879459104575,-11.043475888780932,115.63472578263728
394,12.939809445269901,-11.068551122115661,115.7169833787903
395,12.988704803636459,-11.093533308572752,115.79385924580646
396,13.03772432543938,-11.118708215943224,115.86949331045463
397,13.086735911679835,-11.14380978197509,115.93777561729861
398,13.135876209641005,-11.169086503006632,116.0090179958927
399,13.184968822724908,-11.19424201252755,116.07982956186477
400,13.234173642577598,-11.219546451647851,116.15149262567279
401,13.283361689647068,-11.244921720887202,116.22898086764357
402,13.332730544653458,-11.270613500041687,116.2998893024989
403,13.382142406578788,-11.296436139533414,116.37626872906765
404,13.431609788355628,-11.322362033304149,116.4479557519011
405,13.481040047018624,-11.348460933770808,116.52118091308235
406,13.530511424450541,-11.374643051619536,116.58943469725791
407,13.579943439165769,-11.400951890987479,116.65620515683631
408,13.629414468780578,-11.427296714246019,116.7190651763324
409,13.678868821352763,-11.453693062080902,116.7824054622472
410,13.728383142684494,-11.480151950564577,116.84513895701981
411,13.777899337623367,-11.506677508258754,116.907907787254
412,13.827456493783343,-11.533292439491508,116.96876300690009
413,13.877031575249433,-11.559908741914828,117.02869764942531
414,13.926586709949696,-11.586610496019238,117.08597408572702
415,13.976107940359254,-11.613375156055083,117.14324435879074
416,14.025620236595554,-11.640245023014735,117.19774320797626
417,14.075094199023614,-11.667204406312443,117.24853374845837
418,14.124604977953222,-11.694266717264938,117.30109234476693
419,14.174143785851784,-11.721383795367565,117.34603259332668
420,14.223752770396674,-11.748541724377255,117.39181184794099
421,14.273420588144901,-11.775725627901965,117.43251912068138
422,14.323152166707493,-11.802936252285928,117.47404880401346
423,14.372945101662342,-11.830216702458914,117.51316635593496
424,14.422788736717338,-11.857515411241415,117.55096419502402
425,14.47263673463502,-11.884911581851167,117.58753430577528
426,14.522516274838027,-11.912316090845916,117.6245219186412
427,14.572370014767769,-11.93984270601763,117.65999523479148
428,14.622300598040406,-11.967366894387165,117.6934878088899
429,14.672251269871904,-11.994943262948327,117.72285829272056
430,14.72229051266358,-12.02255858894281,117.75642607042553
431,14.77239199532721,-12.050157896149424,117.7843481507208
432,14.822535343294044,-12.077761289314585,117.80739576820255
433,14.872719176202803,-12.105344772603338,117.8266257571137
434,14.922915572944198,-12.133007031500336,117.84406325728088
435,14.973132608449914,-12.160770241738906,117.86082522876809
436,15.023428809311,-12.188551452601192,117.87538180454176
437,15.073713489790778,-12.216368638675654,117.88411692605645
438,15.124078897773147,-12.244130838272612,117.89226642441744
439,15.174488725757206,-12.271901276058248,117.89050558149023
440,15.224987537961491,-12.299607819361364,117.88779672140772
441,15.275529417680032,-12.327331508069227,117.88220183318374
442,15.326142683527388,-12.355030594241585,117.8725560856257
443,15.37677469635333,-12.382799652947178,117.86066265494655
444,15.427503797416941,-12.410541205001913,117.85052216874601
445,15.47827658770274,-12.438306748157922,117.83675513363417
446,15.52914916998917,-12.466053968010728,117.82400643345572
447,15.580080945415109,-12.493834296040884,117.8097506196044
448,15.631122005703741,-12.52153681729019,117.7969832114244
449,15.68222134899025,-12.549208594048539,117.78012343764917
450,15.733442183459726,-12.576793585015759,117.7600820327777
451,15.784642748796301,-12.604339819731244,117.73566600245003
452,15.835911847434256,-12.631855706796308,117.70757406011556
453,15.887191942909995,-12.659420933053438,117.67440785477189
454,15.938546733018756,-12.687021338474823,117.64074048686358
455,15.989959054743485,-12.714662851211175,117.60707447805892
456,16.041450334587605,-12.742313170967275,117.5742621390325
457,16.09303164210328,-12.769910131055394,117.5399710912483
458,16.144694876908783,-12.797471367605558,117.50494778803505
459,16.196491426255136,-12.825028335161377,117.46698106416768
460,16.248389982966838,-12.852598870245515,117.43160849650017
461,16.30038854497468,-12.880068713551776,117.39610848285056
462,16.352462202756527,-12.907575699712353,117.36104802003526
463,16.404521115274395,-12.935020000057815,117.32228041097534
464,16.456665713203538,-12.96243540204922,117.28519458451538
465,16.50873817241005,-12.989923141838144,117.23964602994732
466,16.560957042016916,-13.017329093028728,117.19568969207054
467,16.61322493080988,-13.044822946371,117.14174552991041
468,16.665623613378592,-13.072244514775228,117.08858459838528
469,16.718139470320022,-13.099600561098466,117.03030717208502
470,16.770781268564356,-13.126934703875229,116.97078287791811
471,16.823530175087665,-13.154131531936132,116.90674884864181
472,16.87638687825273,-13.181287890151562,116.84576852824078
473,16.929314568829437,-13.208377019003843,116.78164098027258
474,16.98232249002715,-13.235429864165518,116.71904027620575
475,17.03544411954556,-13.262408309221188,116.65430921303364
476,17.088625414846934,-13.289341675400717,116.59001362811038
477,17.141934153003128,-13.316208810235546,116.52310700436047
478,17.195348940232186,-13.343035222761738,116.4544099421345
479,17.248802607839227,-13.369789199660932,116.38231179189233
480,17.302392573700434,-13.396501610866727,116.30897324923475
481,17.356022237976376,-13.423143804965594,116.23148876565476
482,17.409775094951733,-13.449766220153318,116.15422550096372
483,17.463589253783567,-13.476385576591998,116.07501598780244
484,17.517523945180482,-13.502976780231906,115.99413013523007
485,17.571532238070933,-13.529497344678031,115.91322632002553
486,17.625657111500015,-13.555907166945442,115.83044870810222
487,17.679835080968,-13.58221814436082,115.74529451560257
488,17.73414213905956,-13.608424938906106,115.65876554357281
489,17.788527086369154,-13.634563465833473,115.56613868429999
490,17.84303511245897,-13.660638123524638,115.4745697321749
491,17.897644037019866,-13.686681380320614,115.38541662079709
492,17.95237124242394,-13.712699998289505,115.29672492616989
493,18.007158477182866,-13.73864346349658,115.21149008154164
494,18.06202833971347,-13.764531113042437,115.12357869456986
495,18.1169783795412,-13.790327890838622,115.03681461885222
496,18.17205926404474,-13.81605001369879,114.94985089823963
497,18.22720289742088,-13.841700603487782,114.859342926148
498,18.282486659887006,-13.867343523130218,114.76823213077903
499,18.337868111696327,-13.892867183117882,114.67506103795051
500,18.393344929624458,-13.918327001482503,114.5765325151419
501,18.449065369805055,-13.943916108601154,114.46442508644573
502,18.504978046198996,-13.969502344740244,114.35742230266737
503,18.56098753209216,-13.995093932309501,114.24876435721399
504,18.617088566599286,-14.020462153092843,114.14185471844966
505,18.6732612708213,-14.045874374261242,114.03448553885441
506,18.729489550642516,-14.07110957772517,113.9254169701969
507,18.78582961306531,-14.096388993801007,113.81943580519889
508,18.84225056902186,-14.121444185505112,113.70831895044003
509,18.898813794294924,-14.14648401719242,113.59711296795179
510,18.955421925544105,-14.171283761931717,113.48208475622266
511,19.012134364356797,-14.196127529146597,113.36063764697961
512,19.068899714998633,-14.220719392559408,113.23991699050586
513,19.125787843867933,-14.24531237233278,113.11174464020439
514,19.182780256062614,-14.26962070225359,112.98108780998778
515,19.23993385664309,-14.293925263372705,112.84731731972052
516,19.2971887495642,-14.317949025491481,112.71056904341444
517,19.354582154892288,-14.341952084841719,112.57088530662314
518,19.412044122607508,-14.365682343540287,112.43017678309464
519,19.469562685135127,-14.38938558236854,112.28613787277985
520,19.52714085890993,-14.412844107072319,112.1420931130928
521,19.584851440719667,-14.43624540074326,111.99628702578093
522,19.642663780242057,-14.459342283007338,111.85178069074233
523,19.700647011884005,-14.482428338546342,111.7069832350308
524,19.75868696922423,-14.505217419296608,111.55992525886444
525,19.816824905553258,-14.528017008037203,111.41180471938587
526,19.875022506453345,-14.55058261154892,111.2643208197171
527,19.93333971159829,-14.57309973582123,111.11640001488678
528,19.99177004456081,-14.59534492097243,110.96623528448215
529,20.050325182058124,-14.617531410804427,110.81133687436191
530,20.10899439629565,-14.639457701052521,110.65780457974716
531,20.167782159207643,-14.66133897317342,110.50378349980312
532,20.22665440774367,-14.682983768569574,110.34953761029718
533,20.28560432250697,-14.704612601982074,110.19924329581357
534,20.344613444952653,-14.726014243791699,110.04767909447665
535,20.403724720192447,-14.747420698969368,109.8961705482147
536,20.462848622283996,-14.768589857705951,109.7462866471767
537,20.522109484330553,-14.789689604061948,109.5926573772754
538,20.58142626252198,-14.810505194446453,109.4412910844205
539,20.640846247865998,-14.831278591924377,109.28486695212136
540,20.70035151384458,-14.851798128221752,109.12908051102225
541,20.75996083652207,-14.872302802328136,108.97186711395912
542,20.819626584345073,-14.892590256337744,108.81116671761164
543,20.879319171045044,-14.912868911217078,108.6518637684733
544,20.939054094479772,-14.932895196026438,108.49251133371585
545,20.998890561119733,-14.952864529090336,108.3337271435976
546,21.058807197785388,-14.972527609344155,108.1751549578916
547,21.118838585011154,-14.992166160434579,108.01847986230935
548,21.17895238186546,-15.011501775449762,107.8618735427551
549,21.239187214225968,-15.030792740776185,107.70693879123648
550,21.299492596499938,-15.049773540113462,107.55335554660697
551,21.359852411545464,-15.068689582648718,107.39880563487758
552,21.420228120742145,-15.087255100590935,107.24716643738948
553,21.4806211517156,-15.1057275763892,107.10190136486139
554,21.54109693286326,-15.124017976541257,106.95263599885557
555,21.601650122102154,-15.142168355887895,106.80509286999902
556,21.662320565699584,-15.160148359678166,106.6539915864189
557,21.723041265839452,-15.17804275794261,106.50451993257509
558,21.78385647406847,-15.195758864352545,106.35536352201393
559,21.844653171640633,-15.21339652572319,106.20867564092546
560,21.905519288417683,-15.230777592210572,106.05743134974578
561,21.966402953597985,-15.247985897364668,105.9082984944824
562,22.027370932311626,-15.264954495054447,105.75524880965374
563,22.088411111555118,-15.281773707922197,105.60110243793245
564,22.149524045169642,-15.298397694968596,105.44510995803712
565,22.21069322093183,-15.314926160209382,105.28816643257443
566,22.271905637510873,-15.331291591838243,105.13178735235338
567,22.33315275581497,-15.347571080271791,104.97829548720462
568,22.39442905439901,-15.363657912485646,104.82167032260851
569,22.45574607061098,-15.379596222196973,104.66674546973317
570,22.51714630358109,-15.39533489902681,104.50966827946073
571,22.57860904304254,-15.41096190824264,104.35505856848866
572,22.640152531820895,-15.426402238304224,104.19998438797319
573,22.701729871566076,-15.441731579246557,104.0436053969746
574,22.76332472093351,-15.456892842047335,103.88904067163958
575,22.82489483892904,-15.471934666891226,103.7342424557402
576,22.886488390344827,-15.486749301710137,103.5802612085912
577,22.948117076136214,-15.501386444667197,103.42202459940488
578,23.009771654305744,-15.515765136347776,103.26476791771589
579,23.071516464958993,-15.530037339065032,103.10704686821481
580,23.13334473475164,-15.544135477896859,102.95300847112344
581,23.195194702514716,-15.558235949646129,102.80405626079937
582,23.25710205888882,-15.572200647493794,102.6597134301114
583,23.31897970780374,-15.586110424346588,102.51778910798645
584,23.380881551216078,-15.599839445462166,102.37937364463608
585,23.442779804961944,-15.613434712381466,102.23917774257899
586,23.50470921075931,-15.626767318200995,102.10154248755667
587,23.566683299542028,-15.639899753076914,101.96316808288685
588,23.62871803575182,-15.652794041815403,101.82324271643758
589,23.69078907461489,-15.66554335358095,101.68244506061329
590,23.75292740457538,-15.678127971789255,101.54274389692934
591,23.815069181197394,-15.69062732056332,101.40624153730826
592,23.87721974656391,-15.70300050797082,101.26795618554634
593,23.939380605862553,-15.715274551515227,101.13284754171491
594,24.00159025650892,-15.727414347771237,101.00002943524447
595,24.063861307176172,-15.739498368602348,100.87107663614103
596,24.126184251671276,-15.751401275514128,100.74398904024153
597,24.18850677805871,-15.763239917138113,100.62152609764844
598,24.250826923050255,-15.774943685838418,100.5007958502466
599,24.31311086476484,-15.786573454429046,100.37782469184292
600,24.375427759423687,-15.79805573482718,100.25330186484084
601,24.437478856368557,-15.809737585779958,100.11004573985616
602,24.499451881097542,-15.821375828454535,99.98426918119254
603,24.561332588863973,-15.833065833967568,99.85882442695903
604,24.62331838708538,-15.844477894891932,99.73270752037347
605,24.685242555023706,-15.855877528316961,99.60979452892384
606,24.74724489818995,-15.866980658743795,99.48879281610989
607,24.809179261895995,-15.878098073852126,99.36794518853748
608,24.871220965355118,-15.888965443129502,99.25308713146498
609,24.933187608185516,-15.899937474956984,99.14746028445825
610,24.995263425595137,-15.910643281220374,99.04541299875508
611,25.05723572318034,-15.92140512562814,98.94689991897991
612,25.11933021000654,-15.931886989962965,98.8512799884696
613,25.18131737889398,-15.942413241267069,98.75956805219609
614,25.243409817598533,-15.952635311536948,98.66632176276431
615,25.305381334716078,-15.962880630508607,98.57511703731971
616,25.367415423767905,-15.972821999607627,98.48219790440795
617,25.429338486447683,-15.982873212274281,98.3920488747927
618,25.491345323362495,-15.99263411754662,98.29687323510352
619,25.553215110641236,-16.002539939831898,98.20170471780303
620,25.61516525094352,-16.012207318546583,98.10757708843086
621,25.676950571988726,-16.02204873984512,98.01337049428852
622,25.73881792697152,-16.031634408067255,97.92093392296317
623,25.800567832478862,-16.04131996176303,97.83215952284033
624,25.86240751600506,-16.050734968040896,97.74544258536773
625,25.924110438328885,-16.06023824806467,97.66450985726095
626,25.985846009408487,-16.069482151376675,97.58199509873809
627,26.047445802141727,-16.07885293715316,97.49987003525541
628,26.109096891233015,-16.087976232499294,97.41464049647143
629,26.17060594975333,-16.09718207383327,97.32556538657333
630,26.232152334987745,-16.10617306427949,97.23633891224463
631,26.293549595151696,-16.115212769071437,97.14385786193527
632,26.355029939975996,-16.12397936710013,97.0524623831998
633,26.416386825481492,-16.13275455834383,96.96089255543387
634,26.477839387353818,-16.141232720361423,96.87022455858582
635,26.53917057196237,-16.149750902524474,96.78358070124087
636,26.600580050565654,-16.15798523719446,96.69929326615141
637,26.661875176114094,-16.16627718001414,96.6167492177503
638,26.723283327679983,-16.174297907177465,96.53683065941703
639,26.784554744705435,-16.182396538162166,96.4599807797587
640,26.845935514460333,-16.19027190729096,96.38447917147174
641,26.907157426325252,-16.198298257282353,96.31121802770704
642,26.968444525418256,-16.206066387158852,96.23918927937183
643,27.029560714213105,-16.213864089150483,96.16354794458174
644,27.090714875668116,-16.22132768691117,96.08624861466268
645,27.151712335214462,-16.228799473156847,96.00603442181556
646,27.212782507927024,-16.235965663785624,95.92312441127049
647,27.273678407301446,-16.24319523450322,95.83508709436
648,27.33464650357,-16.25021724657382,95.74682203710535
649,27.395428288635113,-16.257370735149564,95.65404001350154
650,27.456288491309408,-16.264383365057764,95.56337531184147
651,27.51700325189649,-16.27125621400055,95.47326026778762
652,27.577861350701447,-16.277715373644117,95.38644256676636
653,27.638647207771736,-16.284041145163,95.30183018449402
654,27.69943560378573,-16.29027232977893,95.21782755026793
655,27.760111730011808,-16.296380099354167,95.13873370617863
656,27.820778805721623,-16.302421553167335,95.05696211761826
657,27.88135085101067,-16.308353439544458,94.9727625038598
658,27.941904122659192,-16.314247712854616,94.88714084359533
659,28.00236753387923,-16.32004258589378,94.79899194048751
660,28.062841276600494,-16.325749361122302,94.71106263996893
661,28.12320842973868,-16.33130364780975,94.6247152872085
662,28.183603261604897,-16.33674371937206,94.53673775043868
663,28.24389039014615,-16.342038783192475,94.45184806231788
664,28.30417486703641,-16.34724598115278,94.36613095741352
665,28.364380464581192,-16.352338767540047,94.28734764823497
666,28.424579866860956,-16.35738180527155,94.20839491346156
667,28.484722521628125,-16.36234091241254,94.13532014662347
668,28.54486029604862,-16.367296281520783,94.06574811895682
669,28.604919861307817,-16.372175962960878,94.00167189845806
670,28.66497426626998,-16.377046391625942,93.93663681632643
671,28.72492809391623,-16.381814212159917,93.87487514150823
672,28.784853482969197,-16.38648564777983,93.81237301446487
673,28.84465299495029,-16.391017487048018,93.74830508256156
674,28.90443398294356,-16.395470084440053,93.6811449932279
675,28.96409923630879,-16.399816469000356,93.6125658382466
676,29.023763709206367,-16.404108952674765,93.54392790498542
677,29.08331602987094,-16.408368446513933,93.47434813037016
678,29.14287271945773,-16.412620561328136,93.40531676920814
679,29.202349723781353,-16.41686020446195,93.3381521040821
680,29.261830905545995,-16.42111175754561,93.27287496675898
681,29.321233240686627,-16.42527044205374,93.21188651102732
682,29.380700889093596,-16.42937222925378,93.15294616055026
683,29.4402008517702,-16.433394096082907,93.09758817974496
684,29.499768191589574,-16.43737184260697,93.04731076566348
685,29.559214867957987,-16.44125274978328,92.99762941458967
686,29.618625280454122,-16.445119410936513,92.94828146175979
687,29.677922571192212,-16.44893018542327,92.89739492533387
688,29.737164943184318,-16.452751987816683,92.8482427994789
689,29.7963335234136,-16.456517737075714,92.7958004979731
690,29.855504428079172,-16.460257731147102,92.74600984405983
691,29.914615305813694,-16.463905733952462,92.69599031282776
692,29.97374145477953,-16.46754062129636,92.6490054987381
693,30.032797814909056,-16.47111983420063,92.60495130921521
694,30.091848408788398,-16.474686486273452,92.56114126487827
695,30.150796368746832,-16.478212024719728,92.51884081562655
696,30.209746215643378,-16.481757155885564,92.47671396764856
697,30.268595585812232,-16.48529399837009,92.44218071928974
698,30.327447986958752,-16.488870939894813,92.40859842832998
699,30.386203324105725,-16.49242554000726,92.38324000556507
700,30.444953574881954,-16.49595656716055,92.35527566130499
701,30.503556239708715,-16.499425554646642,92.32972993301293
702,30.562124668182445,-16.50281782173245,92.30568007768736
703,30.620638416655737,-16.506153798210708,92.2801832939763
704,30.679091637680674,-16.509480745975004,92.25711096668165
705,30.737528655518357,-16.51280101687751,92.23279211821742
706,30.796042903297042,-16.516169713371,92.2099024902146
707,30.854622500699254,-16.519530982713732,92.18683389154825
708,30.91328460589441,-16.522944386489144,92.16878316145768
709,30.971870685783433,-16.526312932293685,92.14980002471783
710,31.03042632379805,-16.529685238221496,92.13424468760023
711,31.088888361441338,-16.532958661427806,92.11839441662836
712,31.147300566709394,-16.5362094828692,92.10581766878656
713,31.205638556047415,-16.53941924512142,92.09437576640897
714,31.26394364455315,-16.542696435551527,92.08796179800387
715,31.322177918949844,-16.54598152334504,92.08384561393726
716,31.380388175787445,-16.54934729521055,92.08215047718649
717,31.438531895333348,-16.552671549508442,92.07909258748867
718,31.49665723510827,-16.55601709986332,92.07326191672243
719,31.554686136227303,-16.559320014712124,92.06539938134516
720,31.612698270622644,-16.562614229049082,92.05549954340727
721,31.670670338183736,-16.565871952991216,92.04326523116573
722,31.728613059433727,-16.569176723444293,92.03391315550493
723,31.786543350160773,-16.572495610533075,92.0240142224528
724,31.84452264916677,-16.575853503180962,92.01406643321981
725,31.902541962895047,-16.579220838740202,92.00808651535648
726,31.960552125518838,-16.582606920478444,92.0034084027805
727,32.018492395082376,-16.585936813383356,91.99678668843008
728,32.07639997226151,-16.58931446995239,91.99742168982107
729,32.13424767520979,-16.592695806172067,91.99960655741934
730,32.19207696566563,-16.596076915963838,92.00471575772491
731,32.249843673280026,-16.59938607612021,92.00849342359652
732,32.30758913981267,-16.602656925780124,92.01031705528172
733,32.36529328518804,-16.605819745662455,92.00755664311423
734,32.42301606968233,-16.60900032080587,92.00744349049982
735,32.48075489739225,-16.612199237398272,92.00332369220371
736,32.53855653941771,-16.61546457468275,92.00037772515547
737,32.596333745776406,-16.61873765075221,91.9951077828412
738,32.65413663606536,-16.622075476523158,91.98821209877052
739,32.71181294758869,-16.62536770113479,91.9806262468462
740,32.769486216015295,-16.62869133610898,91.97372902420086
741,32.82704468904125,-16.63197552371352,91.96527308664163
742,32.8846316782225,-16.63524611302079,91.9576611321018
743,32.942121491908814,-16.638446140451126,91.94856819842485
744,32.999664318012506,-16.641676209420297,91.94098318529548
745,33.057217497431736,-16.644883772876128,91.93559619023496
746,33.11482426613574,-16.648118589730707,91.93078900737066
747,33.17236283360069,-16.651342647709686,91.9259260305953
748,33.229883081889966,-16.65457955921959,91.92072890599204
749,33.28727999689871,-16.65775752136924,91.91436769053949
750,33.34463379834075,-16.660943107906494,91.90640688421101
751,33.40194768201302,-16.663922933807857,91.90822878876934
752,33.459291659742576,-16.666916587590176,91.89740816561361
753,33.516576858804584,-16.669857136534524,91.89082984493851
754,33.573846121298715,-16.67290593695067,91.88393861853824
755,33.63109378762255,-16.675935283501996,91.88053053205543
756,33.68835554114523,-16.679049831638086,91.87563889805422
757,33.74561664387423,-16.682078614880975,91.87452828404439
758,33.802878157439466,-16.685136861364256,91.87253576024483
759,33.8601052480181,-16.68813282045086,91.87591272665304
760,33.9172926207915,-16.691192618004713,91.87972307321759
761,33.97441083007224,-16.694155768713976,91.88454057852559
762,34.03147432057153,-16.69716321487462,91.88765602108714
763,34.08848615356471,-16.700065312889876,91.88978675362692
764,34.145426246552425,-16.702996750280782,91.88970600942922
765,34.20234354115878,-16.70586775193454,91.88634055800617
766,34.25921748345291,-16.70883986429724,91.88268690931731
767,34.31605403964952,-16.7117260113741,91.87417099658853
768,34.37286730785464,-16.714737077225386,91.86896428107713
769,34.429645476829435,-16.717642005983883,91.86068728512863
770,34.48636520283472,-16.720661553019646,91.85273054920884
771,34.54301844244837,-16.723636085872947,91.84756968699321
772,34.59961498544949,-16.72669725461737,91.84363895233693
773,34.65611997256521,-16.72965623889545,91.83703758085115
774,34.71257643374069,-16.732657208586946,91.83500593752629
775,34.76897297584478,-16.73556108567857,91.82817876122017
776,34.82532337340452,-16.738484455293438,91.82453818500619
777,34.881619656924066,-16.741343905179463,91.81950918793324
778,34.93785969223641,-16.744306372660283,91.81782726067374
779,34.99396716075409,-16.74723450830635,91.80880378187857
780,35.04988711222157,-16.750242607715435,91.80034177711308
781,35.105586019250985,-16.75311272338127,91.78993763611862
782,35.16115259580747,-16.756020314837222,91.77732902163402
783,35.21673758728022,-16.758775289153675,91.7665215651079
784,35.27231442383546,-16.76157680899948,91.75602658425382
785,35.32787962003067,-16.76432227728879,91.75250741129364
786,35.38342872574591,-16.76713233512328,91.7481095083894
787,35.438951620351645,-16.76988487474808,91.7478569270455
788,35.49445955033837,-16.772712223153633,91.7469159712503
789,35.54989091693255,-16.77544039377136,91.74534905814454
790,35.605301197568984,-16.778243826814588,91.74480758595008
791,35.660649807929424,-16.781023692421293,91.7467277238518
792,35.71593955842459,-16.783870920723253,91.74665354147662
793,35.77116979098935,-16.786663106532448,91.74848714327989
794,35.82633567981282,-16.789509235041745,91.7513818049292
795,35.881417440524615,-16.79228609554783,91.75130219012905
796,35.936458830213674,-16.795077834812798,91.74894386401289
797,35.99142988934431,-16.797782916885065,91.75114584997543
798,36.04634695441347,-16.800542552302716,91.74938356758386
799,36.10118958540947,-16.803212953036535,91.7455407296144
800,36.155983317198086,-16.805935455856186,91.74001838116936
801,36.21067574573891,-16.80846799907833,91.7473360884628
802,36.26526847317208,-16.81106409753562,91.73786252965373
803,36.31976105230417,-16.813612238247728,91.73188413442371
804,36.374194191067865,-16.816262911351984,91.72553329874789
805,36.42860032613534,-16.818847579539444,91.72129263500933
806,36.48293967547031,-16.821504759092846,91.71594327343108
807,36.537205986848186,-16.82408161117848,91.71109432156621
808,36.59139881671125,-16.826730584101103,91.70852198337937
809,36.64555282194402,-16.829296337274812,91.7053472436835
810,36.69964220348514,-16.83193918323198,91.70184509468622
811,36.7536751901784,-16.834459786524285,91.6955289436127
812,36.80765528685683,-16.837053480269915,91.68907619245446
813,36.861591088359916,-16.839551716903628,91.68034063531758
814,36.915485008805014,-16.84211344171195,91.67101490317485
815,36.969331092884566,-16.844556821255523,91.6598235916179
816,37.023146829618405,-16.84707791132837,91.64999195198263
817,37.07688382758789,-16.849513644393813,91.64589788182752
818,37.130555534105355,-16.852055595024677,91.64055601375594
819,37.18407528211542,-16.854544588350727,91.63779261662022
820,37.23748274700661,-16.857131481369834,91.63522133352609
821,37.29075749361484,-16.859613399415668,91.6337832635813
822,37.34397461892603,-16.86215713859027,91.62914294838531
823,37.397170870363084,-16.864563562260063,91.62652625927538
824,37.45033573463882,-16.867026616573728,91.62473594233637
825,37.503490458894525,-16.869421346465263,91.62498538712303
826,37.556616640333004,-16.871885080062633,91.62480794303161
827,37.609683393522154,-16.874308944992443,91.62327883445693
828,37.6626620338517,-16.876721764658754,91.62409189123461
829,37.71561700443927,-16.879031552529216,91.61857152279048
830,37.76848661561835,-16.88132588728709,91.61486838872369
831,37.82128042811778,-16.88351363525217,91.60622552265727
832,37.87398032636214,-16.885758775195356,91.59584128830078
833,37.926604330186244,-16.887891273174496,91.58056169551543
834,37.97912691563146,-16.890110617693722,91.56110104512297
835,38.03152746332397,-16.89225103275995,91.54083909417814
836,38.08382226492019,-16.894512391883644,91.51907057851115
837,38.13602853070151,-16.896671080549396,91.49663605688306
838,38.18816914024701,-16.89888376082999,91.47149765035198
839,38.240236219801446,-16.900906524116238,91.44497415851785
840,38.292259882812616,-16.90294539770825,91.41634216144814
841,38.344233896446404,-16.90483204232288,91.38812259997474
842,38.396146998457546,-16.906752301619093,91.3602816909416
843,38.44803133102498,-16.908567401328334,91.32855229955513
844,38.49984536817927,-16.910377399703737,91.29360970377726
845,38.551590565419886,-16.9120489717364,91.248969115349
846,38.60323966455029,-16.91373568524743,91.19888917594527
847,38.654807033931576,-16.915244222879217,91.14280257324313
848,38.70625020109551,-16.916811988369695,91.08295384533507
849,38.75762173732555,-16.918275066852697,91.01871618360147
850,38.80887788432086,-16.919750321949763,90.95724371752634
851,38.86008455766519,-16.92106654182029,90.90867332100422
852,38.91118798265212,-16.92241488526182,90.84966693655514
853,38.962213995912116,-16.92363599910201,90.79132507841331
854,39.01318010464359,-16.92478164696827,90.73270311618359
855,39.06407653239842,-16.925745538712018,90.67175804296745
856,39.114908738814485,-16.926647405778567,90.6120800762314
857,39.165680871035164,-16.92737465196283,90.54525430208241
858,39.21637492982805,-16.9280996709486,90.48035711969551
859,39.26699219981383,-16.928706867741752,90.41382554505559
860,39.31750699948605,-16.929302526968222,90.34220405286376
861,39.367937114781604,-16.929752754788055,90.26902619128661
862,39.418257536802045,-16.930149601638327,90.19407498820269
863,39.46849509715289,-16.930349469626144,90.11793297520201
864,39.51863920498498,-16.930532937764497,90.04176658688242
865,39.56871215937426,-16.93057784938379,89.96310135005716
866,39.61870943021498,-16.930616723977636,89.88237869246245
867,39.66866826302351,-16.93047994022337,89.80081742892297
868,39.718548227393725,-16.930288852431094,89.71465203780318
869,39.76834676741522,-16.929901227586896,89.62330730363698
870,39.81806731520665,-16.929464975970134,89.53278328808392
871,39.867720750050886,-16.928900347622523,89.43499703564589
872,39.9172934331544,-16.928310293867277,89.33773437456782
873,39.96680684070878,-16.927590121385343,89.23108389758262
874,40.01622825003196,-16.926812750217408,89.12042926881033
875,40.065539469198434,-16.925885436441646,88.99914153801119
876,40.11475214462778,-16.924884967518864,88.87546136793388
877,40.16385873826278,-16.923667598811946,88.74171236291919
878,40.21287453708954,-16.922317823430895,88.60383353619721
879,40.26178042813377,-16.920725134303325,88.45732284233354
880,40.31060089432658,-16.91898142881052,88.30897495583059
881,40.35931908774656,-16.91704795937916,88.15177721281877
882,40.40794106186569,-16.915021125913313,87.99382144951795
883,40.45649481293146,-16.912783335804043,87.82964721666836
884,40.50489235654633,-16.910454591894567,87.66585544053956
885,40.55322649322348,-16.907838112559276,87.49784817498647
886,40.6014547044422,-16.905078848735844,87.32772221434136
887,40.649589916395115,-16.902034053016664,87.15734049659271
888,40.69761727232287,-16.898821766921735,86.98565399729402
889,40.74555452665279,-16.895399937188166,86.80744000663059
890,40.79338133147806,-16.891819936125454,86.62304878462683
891,40.8410605770158,-16.887988361829635,86.4292586033869
892,40.88864889685942,-16.884023832541242,86.22932644922551
893,40.936101953416866,-16.87976897219011,86.02169457706626
894,40.98347279061505,-16.87537392219882,85.81079089197738
895,41.03076924827586,-16.870682934884613,85.59514498755348
896,41.07795288594329,-16.865812663220076,85.37844105013943
897,41.12501576926679,-16.860652926757037,85.15815603532427
898,41.17197343124943,-16.855349785693214,84.93775834352488
899,41.218750159256885,-16.84978346440223,84.71308075984662
900,41.2653862467499,-16.844066824175506,84.4866844065224
901,41.31189048974441,-16.838192191710696,84.24660014001508
902,41.358277179039526,-16.83224556542943,84.00803087561478
903,41.40452701381549,-16.826064029272942,83.76183382926341
904,41.45063164161405,-16.819635214124006,83.5099896740297
905,41.49662914537887,-16.813008925442595,83.25183324187854
906,41.54248371206679,-16.806128639881685,82.99056080201872
907,41.5882277201785,-16.799022912603213,82.71957108601511
908,41.6338139405135,-16.79158914573241,82.44526443393498
909,41.67923062969971,-16.783916686772578,82.16393189245485
910,41.72450077032826,-16.775923392888004,81.87929064916979
911,41.76961249056501,-16.76770642452803,81.58698211787834
912,41.814534160867375,-16.7592237805003,81.29390687282455
913,41.859301760309656,-16.75053746181358,80.99214276895873
914,41.90388711934177,-16.74155050288854,80.68992227289326
915,41.948292980507674,-16.732349019699967,80.37756797243304
916,41.992513766614564,-16.722831765051016,80.06498678526854
917,42.03652222673735,-16.71306904598862,79.74648335750533
918,42.08034235783269,-16.702981211961877,79.4253754368246
919,42.12395155542426,-16.6926640695864,79.10004752309011
920,42.16733364541055,-16.682018083681193,78.77364489558506
921,42.21053978720419,-16.67119950922218,78.44341181915979
922,42.25351854023029,-16.659987003073514,78.11280906030274
923,42.29631320590101,-16.64863273254569,77.77610316351584
924,42.338898774106,-16.636901561335584,77.43533450346717
925,42.381280115496686,-16.624979283398464,77.08904946297719
926,42.423453193213184,-16.61277923523005,76.74102831664648
927,42.46547459600836,-16.600470629478245,76.38757565175882
928,42.50728127930447,-16.587844994683927,76.03694657705589
929,42.5489147581638,-16.575011735759972,75.68336539049203
930,42.59032921889241,-16.561843417978725,75.33472053846732
931,42.63154526026172,-16.54844703838563,74.98289149715377
932,42.672518574977325,-16.5347089988124,74.62787163390416
933,42.7132859080383,-16.520820803615543,74.27190746791132
934,42.75380691629577,-16.506668502756234,73.9161917094648
935,42.7941239789012,-16.49238516562442,73.56102634141585
936,42.83424419277789,-16.47783289841685,73.20685051069428
937,42.87416173229225,-16.46312462869652,72.85185309695565
938,42.91389397375685,-16.448101807228483,72.49737833600409
939,42.95342677180132,-16.432879020732106,72.14635451331019
940,42.992763800925566,-16.417362078356025,71.79533649184792
941,43.03187661162916,-16.40167509572622,71.44455579843397
942,43.070775702656384,-16.385792202468725,71.08965338980998
943,43.10946897806015,-16.36982074592163,70.73324627079249
944,43.147929552911044,-16.353640060525898,70.3755431301311
945,43.186196867487766,-16.337306203360654,70.00851177032263
946,43.22419081599566,-16.320739286401825,69.64311692815575
947,43.26194935049247,-16.303968929890335,69.2686021889129
948,43.29945968294291,-16.286926223216142,68.89673214907495
949,43.33675411186183,-16.269764069117695,68.52364785811623
950,43.3738284791987,-16.252322370445263,68.15030796845811
951,43.41084073512569,-16.234924081236294,67.761357972182
952,43.44767763184649,-16.217295367318034,67.3898754330472
953,43.484298452945076,-16.199523741102155,67.01623903729475
954,43.52056726737489,-16.18138349026215,66.64191330460973
955,43.55661165857188,-16.16307978924599,66.2617852793949
956,43.592286549232625,-16.14443319749177,65.88003435297263
957,43.62775463777818,-16.1256517848844,65.49741522206396
958,43.662839403996124,-16.10650063365918,65.11107253984729
959,43.697748316550104,-16.08725481584732,64.72055328881059
960,43.732291325505756,-16.06766077164618,64.32788755139109
961,43.766640782117804,-16.04799580344125,63.9328260258192
962,43.80064111760999,-16.02800448793614,63.537210142313555
963,43.83446633021772,-16.007934073354352,63.135224068542314
964,43.86793371900643,-15.987525638995708,62.73287290211471
965,43.901210011985626,-15.967096164199038,62.326035546931976
966,43.9341420217749,-15.946322525303211,61.915497347314535
967,43.96687447058915,-15.92552791855252,61.50226427229337
968,43.99928446143408,-15.904459494985922,61.08536308176331
969,44.03150861008331,-15.883330455013219,60.667518847202075
970,44.06338109260944,-15.861894723575691,60.24755473223108
971,44.09501824353412,-15.840362792626738,59.822807805917364
972,44.126235671313495,-15.818513198321565,59.397262587133554
973,44.157172348878944,-15.796575928292603,58.968789899011455
974,44.187688482838524,-15.77432598421073,58.54202885702468
975,44.217946326843666,-15.752007162654603,58.10796590419004
976,44.24778652975853,-15.72936572788631,57.672664522216635
977,44.277401313253584,-15.706721878938996,57.22969057399211
978,44.30662020816459,-15.683726444264398,56.7867741025082
979,44.33560884330201,-15.660717741861491,56.3368694585725
980,44.36420922001745,-15.637392143748174,55.882403690502
981,44.39258605455594,-15.614007063735109,55.42421974268492
982,44.420557739122415,-15.590349303779325,54.96173060931545
983,44.44831305599726,-15.56664033403721,54.493946275383415
984,44.47564470497178,-15.542688641473838,54.02352562638856
985,44.502775142354885,-15.518713450112365,53.5495181572028
986,44.529498865194924,-15.494470507362543,53.07367730733154
987,44.55601428679168,-15.470249976241313,52.598644729308944
988,44.58213841292926,-15.445710669348035,52.12546597408229
989,44.60800459208188,-15.421124712784355,51.65556704320356
990,44.63348547228772,-15.396254372243384,51.18513321686997
991,44.658747680968034,-15.371402023647711,50.720618736187596
992,44.68362649703017,-15.346306713179722,50.25380986720037
993,44.70829553817095,-15.321291142413695,49.791123617513975
994,44.73257708075501,-15.296061908125742,49.32793809045794
995,44.75661685772705,-15.27086003058864,48.86319507379915
996,44.78018119294965,-15.245421587964687,48.39601866492874
997,44.80344127061178,-15.22000157041815,47.92617455468817
998,44.826143875010686,-15.194261487959526,47.45296761592364
999,44.84846668494122,-15.168567162082855,46.97477406954927
1000,44.8703064169007,-15.142603125072508,46.49491927122532
1001,44.89223553543331,-15.116672488938992,46.01490708978008
1002,44.913846557647375,-15.09047722328196,45.538029849248545
1003,44.93537779643386,-15.064352665457132,45.06429163638165
1004,44.95648037184225,-15.038088160198994,44.592263848089154
1005,44.97735450412461,-15.011799838985901,44.12832403784117
1006,44.997718572918295,-14.985336739889988,43.66395952959792
1007,45.017878869362534,-14.958825169444143,43.203381342385754
1008,45.03745685088818,-14.93220034796687,42.74140321667837
1009,45.0569095031236,-14.905535956833102,42.27881319172515
1010,45.0758320663306,-14.878757397122087,41.81257159508987
1011,45.09468005851902,-14.85203842581872,41.34052712915481
1012,45.11305460133196,-14.82523458586639,40.863275179229696
1013,45.13135454282866,-14.798548138919301,40.38983688531581
1014,45.14916552982065,-14.771798849156568,39.91551318133669
1015,45.16682801587392,-14.745051004745457,39.446757736942274
1016,45.183937574524506,-14.71821901988383,38.979398423291144
1017,45.200832076766076,-14.69138108478096,38.51440287341499
1018,45.21716927662322,-14.664433867052054,38.04878160332999
1019,45.233345719533204,-14.63753265442353,37.58673028766407
1020,45.24901415919523,-14.610539989380047,37.12094777045506
1021,45.26461325115483,-14.583683365691336,36.65804549776705
1022,45.27976841820028,-14.556773153539899,36.19414772008394
1023,45.29488539444243,-14.529985291350172,35.73202924196726
1024,45.30954705869881,-14.50316309495885,35.26812605889664
1025,45.32409008217585,-14.476408710962799,34.80409257195083
1026,45.33812276342575,-14.449613545487056,34.338585062241584
1027,45.35198066960831,-14.422887793180845,33.86938678131706
1028,45.36531134443751,-14.396109358123518,33.39979324646444
1029,45.37856492990683,-14.36943159669828,32.924574521059995
1030,45.391335236228656,-14.34274653908755,32.44784403524791
1031,45.404049264045625,-14.316194474338861,31.972231475512213
1032,45.41628767075102,-14.289626367922832,31.495747022907604
1033,45.428414094890286,-14.263186139622896,31.020292149987778
1034,45.4400564618382,-14.236703781532173,30.543690749837584
1035,45.45154821670663,-14.21028810133037,30.074484221763388
1036,45.46253888831207,-14.183795613944067,29.602577937732317
1037,45.47340091485164,-14.157395349774326,29.135691078216905
1038,45.483759771225564,-14.130927540662476,28.669589073375054
1039,45.49403236774464,-14.10457968390121,28.20790032863403
1040,45.50377197029589,-14.078186981003284,27.74384695139638
1041,45.513428213084055,-14.051949336248088,27.284578543017343
1042,45.52252770854088,-14.025691938617012,26.819941126035502
1043,45.53151492815026,-13.999535065506967,26.353980431557126
1044,45.53996239377846,-13.973291842104754,25.886242548926784
1045,45.54833835935865,-13.946874009654465,25.40913648858297
1046,45.55628365706773,-13.920249768842474,24.923610952081418
1047,45.564331823807535,-13.893695683599512,24.433085951232346
1048,45.57205943890664,-13.867203466033217,23.949219474626542
1049,45.57981622216662,-13.840964211036393,23.48025836103326
1050,45.58710008323036,-13.81473773225365,23.016824772886075
1051,45.59446697563057,-13.788618538482147,22.566873697034033
1052,45.60124332184457,-13.762424846775165,22.12033366195751
1053,45.60786769379639,-13.73628372815561,21.681765350885875
1054,45.61399885381667,-13.710057520770771,21.241914309976814
1055,45.62016465375477,-13.683641095802631,20.791597049100048
1056,45.6260312146364,-13.657063858109474,20.333034735584597
1057,45.63210877082902,-13.630596336174476,19.86526069144861
1058,45.637883246222195,-13.604265280047944,19.397370309907295
1059,45.643662176582936,-13.578152337106637,18.93321162919835
1060,45.648887748102354,-13.55215189727463,18.469497964073422
1061,45.653902437018054,-13.52619656156508,18.01113449694901
1062,45.65831594769357,-13.500191980548205,17.553185609205013
1063,45.66257000058549,-13.47402647398684,17.094932075406373
1064,45.66643491521145,-13.447667116739424,16.631814638985226
1065,45.67044948087521,-13.421279818920087,16.172085591054337
1066,45.67422083027512,-13.394907634965957,15.716388619155126
1067,45.678163144508964,-13.368724113579818,15.26230124473515
1068,45.6817398302472,-13.34265642623887,14.810677957732553
1069,45.68521338154723,-13.31666230035285,14.362843869286516
1070,45.688171168551335,-13.290670546831638,13.911761727793735
1071,45.69097714974823,-13.26458010151419,13.461233242627463
1072,45.69329540046577,-13.238455424558307,13.006765655707747
1073,45.69571367344614,-13.212366829322495,12.553375070785163
1074,45.69769942312685,-13.18640418164851,12.097480098936028
1075,45.699744461687665,-13.160621155994335,11.652278914209685
1076,45.70128564777959,-13.13499010764332,11.205685680002391
1077,45.702745596156376,-13.109420586143699,10.761265710611623
1078,45.703600111289944,-13.08385709299111,10.318433464173772
1079,45.704387755857574,-13.058228480909644,9.86872136667871
1080,45.704697172503174,-13.032562493234384,9.416340388856051
1081,45.70510785240365,-13.006956525520994,8.96237423048531
1082,45.70515631411286,-12.981417333526004,8.511201588202653
1083,45.705285296088675,-12.955999154226895,8.062071412459222
1084,45.705014601061336,-12.930646254012977,7.6126965943464375
1085,45.70474118288053,-12.905295217292803,7.167405700080293
1086,45.70397924163366,-12.879873570569899,6.718312947827752
1087,45.70319326949672,-12.854334070885425,6.267081434354452
1088,45.70199222793468,-12.82871857189858,5.818026868307803
1089,45.70088348758041,-12.80312156583863,5.365169450003363
1090,45.69946780286941,-12.777575065034991,4.9146857458907975
1091,45.69812496463431,-12.75213953599376,4.468062096534966
1092,45.69636773079401,-12.726753509456703,4.024582427747614
1093,45.694522068998474,-12.70135102232124,3.5788758846060915
1094,45.69219764725404,-12.675908739890325,3.13209568268675
1095,45.68987300857838,-12.650404544023795,2.68510994234572
1096,45.68717674489473,-12.624848102483003,2.2401218387698902
1097,45.68460712663154,-12.599311929000738,1.793493650128145
1098,45.681719385387886,-12.573813665229657,1.3487105242297768
1099,45.67885354935064,-12.548327448685265,0.9075027228496522
1100,45.6755220116549,-12.522831569902152,0.46387701113633334
1101,45.67263434312562,-12.496531401855005,0.06265628448549397
1102,45.669386666922165,-12.46989362901733,359.6208950870588
1103,45.66636091015312,-12.442811385308948,359.1720870551874
1104,45.66276545804579,-12.415989249666573,358.72353147125483
1105,45.65953017600809,-12.388813584330542,358.2831038997011
1106,45.65570789866965,-12.36190270236277,357.84490533468767
1107,45.65205827435062,-12.334703677083375,357.4115543847184
1108,45.64764337604239,-12.307775567660329,356.97552555012254
1109,45.64325960191181,-12.280540560068236,356.5346642872266
1110,45.63810808029125,-12.253640853540283,356.08904512998805
1111,45.6331733796153,-12.226445769842066,355.63721609238576
1112,45.62766453711684,-12.199623647611798,355.1851042358776
1113,45.622462663213255,-12.172551222353723,354.7293320597952
1114,45.61666057089927,-12.14584539018024,354.27422952391674
1115,45.61100385644147,-12.118859219751696,353.8126511357222
1116,45.604693220369306,-12.092235230613923,353.3532474168988
1117,45.59847405777291,-12.065303847848142,352.89336755558963
1118,45.59162989085843,-12.038650386791556,352.44243617377697
1119,45.585055560941626,-12.01166981000003,351.99837497110195
1120,45.577914476983146,-11.984965509173435,351.5598349014083
1121,45.57103307909516,-11.957935986085646,351.1277956766261
1122,45.56360820424984,-11.93121330436269,350.69329134865535
1123,45.55637034957314,-11.90421020391204,350.2526525534138
1124,45.548547545293545,-11.877550063626824,349.80706603293123
1125,45.54094107234839,-11.850713883142959,349.35082510345813
1126,45.53272950306997,-11.824281760488539,348.8944876463826
1127,45.52474335684708,-11.797662918443558,348.4352882188423
1128,45.51612084468452,-11.77148984035406,347.97505901942213
1129,45.50763703156251,-11.745072615393262,347.5180699464601
1130,45.49841850994014,-11.719046372247817,347.06418276831556
1131,45.48934369980278,-11.692743422372164,346.61609091603606
1132,45.47957306760257,-11.666790508731111,346.1711345879801
1133,45.4700314566077,-11.640635872286925,345.73337594372913
1134,45.45987919268917,-11.61488057971151,345.29542489746063
1135,45.44996936820255,-11.58895625200135,344.86003271748297
1136,45.43943814845481,-11.563520407381162,344.4207739106245
1137,45.429040263850325,-11.537892540854983,343.971586238038
1138,45.41800154137192,-11.512719470154044,343.5206346373193
1139,45.407127171566664,-11.487303563812373,343.060053688788
1140,45.395591196661094,-11.462248908592496,342.6003116518843
1141,45.3842691741179,-11.436941200863146,342.1399848123431
1142,45.37234728461713,-11.411983539624714,341.67820636220864
1143,45.36064633290666,-11.386788440723613,341.2223045103859
1144,45.34830499415141,-11.361925380589186,340.76479089958576
1145,45.3361142165756,-11.336734740029804,340.31160400515057
1146,45.32328454017595,-11.31185320905901,339.8539286074061
1147,45.3106375925847,-11.286626160155334,339.393652215573
1148,45.297436883799236,-11.261730092828824,338.93068669578827
1149,45.28452016828897,-11.236517366476122,338.46139933496886
1150,45.27103514022552,-11.211689528109108,337.99286492556644
1151,45.25881015780624,-11.186241560523278,337.5590712768997
1152,45.24624244343711,-11.161317789309061,337.0812986797701
1153,45.23411052087895,-11.136257364516899,336.60570192562926
1154,45.220842625220016,-11.111576391862886,336.1273764514242
1155,45.20818281203147,-11.086674195204079,335.6453867204781
1156,45.19441833897717,-11.06212512035313,335.1633893029737
1157,45.18131617514075,-11.037330921914007,334.6817938692527
1158,45.167150628967235,-11.012911659678156,334.20073003394407
1159,45.15358836247944,-10.98825447536594,333.72703709440816
1160,45.13892603773412,-10.96399517458087,333.2533928688956
1161,45.124785575597244,-10.939493202256125,332.78325447652594
1162,45.10954122800275,-10.915326317979726,332.311248465112
1163,45.09489273474406,-10.890933360038908,331.8367422022725
1164,45.07917566976548,-10.866885254948318,331.35887018179005
1165,45.06411586156741,-10.842632857452937,330.87647036807726
1166,45.04797723861739,-10.818788924058191,330.3883457470659
1167,45.0324195914295,-10.794790487939679,329.90214838294804
1168,45.01574176591567,-10.771216731946517,329.41183222016
1169,44.999638084648154,-10.747482046464125,328.91845601440565
1170,44.982389027098854,-10.724223933332912,328.42720844845576
1171,44.965718582094404,-10.700759775544746,327.93287979338743
1172,44.94794122792611,-10.677716742096033,327.4401856683175
1173,44.93074804531687,-10.654497485412875,326.9497791048017
1174,44.91244386336002,-10.631702014188726,326.45837957388864
1175,44.894736837326334,-10.608764036185919,325.9708421061233
1176,44.87597892613334,-10.586277136488235,325.4828524072714
1177,44.857845649627016,-10.563626070250168,324.99696141810625
1178,44.83872862272288,-10.541434482240115,324.5156749677461
1179,44.82023545973301,-10.519075915092223,324.03497223693665
1180,44.800709859221556,-10.497160943872379,323.5588930124218
1181,44.7818220740897,-10.47509816020266,323.0810766470285
1182,44.76191141701271,-10.453448200356869,322.60439418408504
1183,44.74265522811982,-10.431614463894295,322.1243561391644
1184,44.722377001073326,-10.410171714769703,321.6427682426104
1185,44.702762652663374,-10.388560478039858,321.1567591781247
1186,44.68211363682424,-10.367294285874458,320.6675961820432
1187,44.66206142666736,-10.345871535777334,320.1757960702529
1188,44.64097852898159,-10.324820200811267,319.6834301902623
1189,44.62051546683354,-10.303608305583351,319.1889575511038
1190,44.59902618424323,-10.28280478924975,318.69553086246367
1191,44.57822043135015,-10.261870651629971,318.20827173033996
1192,44.55642225323395,-10.241379399885584,317.722754332219
1193,44.53533204411746,-10.220778756640417,317.2449074696428
1194,44.513241433010585,-10.200651923641606,316.7727022120311
1195,44.49179597537597,-10.180414217498813,316.3092254522212
1196,44.46935250926591,-10.160628118255893,315.84907573679874
1197,44.4475825406927,-10.140758759816693,315.39367223045383
1198,44.424822670085305,-10.121368839185603,314.9415764729949
1199,44.40276027336904,-10.101937863310075,314.49143516720767
1200,44.37968774911431,-10.08305644452011,314.03728542869567
1201,44.35814247039332,-10.06334415682844,313.6234698033315
1202,44.33564678687642,-10.044084896930901,313.1714534488752
1203,44.31393954172578,-10.024504253790179,312.71034665471035
1204,44.291119936256756,-10.005499276371097,312.2505599914872
1205,44.2691762893914,-9.986166950477593,311.7928073730735
1206,44.246139866613504,-9.967434765820704,311.3391360899306
1207,44.22393534237377,-9.948504052808675,310.8969412416196
1208,44.20053419639427,-9.930204147418424,310.45924192748913
1209,44.17791192199269,-9.911631001932811,310.03094067225027
1210,44.15411055244029,-9.89363172968036,309.60300835682256
1211,44.131206546180664,-9.87521768174813,309.1824466857145
1212,44.107219268989624,-9.85735961924482,308.76125377243096
1213,44.08423648276084,-9.839113371744665,308.3464836601452
1214,44.060139623790064,-9.821496597756248,307.9315611928167
1215,44.03699238066419,-9.803528568609508,307.5180886559598
1216,44.012688080903594,-9.786198751355833,307.10921420423705
1217,43.9892154566904,-9.768493773048876,306.704380326872
1218,43.96453150546639,-9.75135674298016,306.30028693313153
1219,43.94068934072405,-9.733837402416889,305.9038072166825
1220,43.91570067262707,-9.716934012018092,305.50666635453007
1221,43.89159017243895,-9.699781214835726,305.11526372588236
1222,43.86636775306635,-9.683347568448422,304.72488749957535
1223,43.84204197832608,-9.666716390146536,304.3379584763179
1224,43.816596417917516,-9.650755433700292,303.9486351855788
1225,43.79200211261457,-9.634498763992193,303.56277707190765
1226,43.76629428598699,-9.618771651553242,303.17939500971045
1227,43.741523102959256,-9.602668035272547,302.7985753177244
1228,43.71569799167549,-9.587064954831149,302.4229821162862
1229,43.69085546129994,-9.5711565209797,302.0573188371301
1230,43.66496898514057,-9.555805411400899,301.69874870710333
1231,43.63998999047969,-9.540219831390573,301.3477013342852
1232,43.613891962744326,-9.525232426559956,300.99693286536376
1233,43.58863656618934,-9.509971396627648,300.64718422275246
1234,43.562249783598915,-9.495252438248036,300.29712032504216
1235,43.53675830163675,-9.480130016905314,299.94579245446545
1236,43.51022513409602,-9.46551990880857,299.59319953486914
1237,43.48468144442227,-9.450502598927022,299.24130085779615
1238,43.45812458047761,-9.43601033748027,298.8941190564552
1239,43.43248518413938,-9.42122629804126,298.55269269947286
1240,43.40570656073194,-9.407068101378085,298.21046312547753
1241,43.379727505838254,-9.392751237137858,297.8716876953919
1242,43.35255433179132,-9.379109660584481,297.53219462262706
1243,43.326237365911055,-9.365238421444994,297.1961994721543
1244,43.298781577738296,-9.351957110618118,296.85837138510124
1245,43.27226483516367,-9.33836252061568,296.52560551135633
1246,43.2447040086479,-9.325280907363979,296.1940319842551
1247,43.21808326754587,-9.311888413336792,295.86779835395015
1248,43.190333596942494,-9.299060214721417,295.54291386151897
1249,43.16342878500327,-9.285915200079318,295.2146535366364
1250,43.13531652657719,-9.27330344286964,294.88846956226996
1251,43.10682588191787,-9.259832327078948,294.60443426952816
1252,43.07621833871356,-9.2469215020031,294.28316093276
1253,43.0455411339231,-9.233678997920592,293.9639641198225
1254,43.01482723382172,-9.221041466588533,293.64319111946327
1255,42.9839745595416,-9.208152547426,293.31804968368755
1256,42.95304052877951,-9.195902746657085,292.99209342420846
1257,42.92190787748169,-9.18330188954459,292.66247255786715
1258,42.89065982725386,-9.171306073820965,292.33523292027553
1259,42.85926594955263,-9.158922369744717,292.00545153363294
1260,42.82780349249757,-9.147123855563036,291.6822175316132
1261,42.79620057065449,-9.135063917351095,291.3656216280448
1262,42.76450949232318,-9.123650273798262,291.04997078111734
1263,42.73258324357396,-9.112092213425132,290.736752273685
1264,42.700526716109174,-9.101217379127526,290.4241325735625
1265,42.66825670528976,-9.09005047019344,290.1133086621165
1266,42.63590518650009,-9.079439268189843,289.80126350463325
1267,42.60344750714218,-9.068395871336978,289.4992444617373
1268,42.57099020468712,-9.057841907466745,289.1978337458244
1269,42.53842717431437,-9.046969071572885,288.904457147919
1270,42.50581286091454,-9.036695873567199,288.61223404181374
1271,42.47297220098659,-9.026153167976267,288.3227200868756
1272,42.44000026009656,-9.01622314078497,288.03589038010017
1273,42.40676132655294,-9.00597257136841,287.75354248503527
1274,42.373419292504494,-8.996279258375024,287.4740680132102
1275,42.339935610847455,-8.986121750037157,287.202835255761
1276,42.306401493285854,-8.976511977105321,286.93158550746625
1277,42.272738340424546,-8.966503282391571,286.6653047749764
1278,42.23900693421222,-8.95704103473276,286.398631514103
1279,42.20508473637886,-8.947213289837283,286.13282552311824
1280,42.1710683879687,-8.937958490372836,285.86794584666643
1281,42.13687378026058,-8.928286183103788,285.6062001159607
1282,42.10263654496019,-8.919143760517056,285.34806152571844
1283,42.068322557209875,-8.909560147502878,285.1004383653618
1284,42.034008894250455,-8.900500685890313,284.8571984668905
1285,41.999645398915796,-8.89113019281331,284.6234365238215
1286,41.96526663840936,-8.882338485744885,284.3947202636681
1287,41.93076377384997,-8.873215126494012,284.1755596258457
1288,41.896200009786995,-8.864627559563534,283.95798997969695
1289,41.861456426702645,-8.855652269959382,283.74553790142244
1290,41.82664082245057,-8.847152488416379,283.5354027407646
1291,41.7916958544722,-8.838275560828455,283.3285251115748
1292,41.75665448783084,-8.829905703142135,283.1184401310757
1293,41.72148180144641,-8.82123217013687,282.91334956861766
1294,41.68621709865218,-8.813051146220124,282.7058619961967
1295,41.65080760820014,-8.804505396657266,282.50512349001804
1296,41.61532018126572,-8.796426771800556,282.3034539420061
1297,41.57969610462431,-8.78791230715762,282.1087402286167
1298,41.54402931192147,-8.779877694520177,281.91332704365186
1299,41.50828364714459,-8.771453398674792,281.7222478055341
1300,41.47250004970046,-8.763568355473067,281.5311728361326
1301,41.43629781497906,-8.75544283479437,281.3570491180054
1302,41.400012624059386,-8.74813395750693,281.1690273066211
1303,41.363513069941106,-8.740674303694263,280.97976184667795
1304,41.32702871797547,-8.733455222032257,280.7891729879487
1305,41.29036199956142,-8.726067093401294,280.5957026483489
1306,41.25373019616792,-8.718977556901224,280.4026163924672
1307,41.216935285940956,-8.7118317629294,280.2100344904056
1308,41.180177862399724,-8.705093016897639,280.0162842787269
1309,41.14321543521225,-8.69836438359356,279.81829393752247
1310,41.106277441267736,-8.692036434579876,279.6194406451677
1311,41.06911179072438,-8.685682987575396,279.4192871231253
1312,41.03196097876178,-8.679633245080915,279.2199309484734
1313,40.99461961271179,-8.673479258178444,279.02594381278476
1314,40.95730645378097,-8.6676002936035,278.83303994588
1315,40.91979475187642,-8.661614627049438,278.64775491289294
1316,40.882312450818745,-8.655963680894237,278.46200104111625
1317,40.84461219931981,-8.650287810312996,278.2786596331297
1318,40.80690957006071,-8.644987073960824,278.09361636893243
1319,40.76898961328018,-8.639680242201093,277.90827665910734
1320,40.731106273036666,-8.634664616446761,277.7202841276029
1321,40.69304301439546,-8.629513986803481,277.53580032085887
1322,40.65502869374263,-8.624616763907051,277.3500463207748
1323,40.616820883765335,-8.61957837386464,277.1646012655581
1324,40.57860185274759,-8.61484625398915,276.98020311988927
1325,40.54017942264755,-8.610055157140241,276.79757479486767
1326,40.50174461777226,-8.605610488669507,276.6159584624641
1327,40.463125275924355,-8.601045682445552,276.4393568281801
1328,40.42453515919693,-8.596763787234105,276.2639467770593
1329,40.38577553313504,-8.59231831324808,276.09405273814565
1330,40.34706813781095,-8.588088318940883,275.92392722885114
1331,40.308199837687134,-8.583700348963497,275.7568858396575
1332,40.269383705282,-8.579586595798347,275.5868969436669
1333,40.23040007894259,-8.575387948737916,275.4200153712978
1334,40.19145032174859,-8.571541934337958,275.25152474433827
1335,40.15230993290519,-8.56767580730211,275.08182947654
1336,40.11317839824923,-8.564163539739932,274.9123015696022
1337,40.07381424545004,-8.560615128130834,274.74127434635005
1338,40.034463891415996,-8.55732721985039,274.5727740927637
1339,39.994897580526555,-8.553946450883892,274.4100764855538
1340,39.955338448970046,-8.550822786460675,274.249450223638
1341,39.915554693004275,-8.547579897885317,274.0896653468235
1342,39.87577836602413,-8.54458895492624,273.93350790424375
1343,39.83579649973515,-8.54148131875826,273.7765192628986
1344,39.79590106539174,-8.538556586631248,273.6236330903235
1345,39.755799569407884,-8.535479123756314,273.47280326296476
1346,39.71579199979815,-8.532615699942268,273.3236598104529
1347,39.67561987997454,-8.529584656365097,273.1751650178839
1348,39.635526609198756,-8.526865614657659,273.0325523824607
1349,39.59525779137131,-8.524043498551215,272.88648691535803
1350,39.555010814519235,-8.521506824400518,272.74063214018395
1351,39.5144531969962,-8.519297920022147,272.596993284362
1352,39.473885195859964,-8.517639769562535,272.4534540613876
1353,39.43316547011425,-8.5161018460072,272.31705154212324
1354,39.392478768815266,-8.514558910269075,272.17630972403884
1355,39.351581152191095,-8.513193018270684,272.0397101839591
1356,39.31072047325911,-8.51182246043741,271.90301425162306
1357,39.26964768406233,-8.510621050558358,271.7706309012913
1358,39.22864284281618,-8.50949076665363,271.63823341321637
1359,39.18743423649203,-8.508516856855886,271.5056804681324
1360,39.14627593397467,-8.507614608727744,271.370540487057
1361,39.10495206808976,-8.506880694360117,271.23479218244296
1362,39.06369703121137,-8.506130501640929,271.1001757003224
1363,39.022241225087356,-8.505530072438518,270.97160180955996
1364,38.980796249769966,-8.504874201535955,270.84487053934834
1365,38.93910473150593,-8.504393216602006,270.71839922407673
1366,38.89745571964353,-8.503872826901565,270.59350595335104
1367,38.85556157428151,-8.503541031919637,270.4686586116196
1368,38.81371640811268,-8.50318660282595,270.34278472930686
1369,38.771671408289905,-8.502998392324818,270.2202066131275
1370,38.72963659332768,-8.502810092672629,270.09518736501605
1371,38.68739352559843,-8.502793612350535,269.9742655228167
1372,38.645204244694675,-8.502756588627275,269.852051462773
1373,38.602838796243226,-8.502879800908486,269.7328375050168
1374,38.56055387290602,-8.50298052424426,269.61523419019056
1375,38.51809637653522,-8.503200074102686,269.50193688512564
1376,38.475683635864144,-8.503450433934706,269.389892291588
1377,38.433060012589365,-8.50389370639432,269.2791215953934
1378,38.390452668851935,-8.504402283974395,269.16663643801013
1379,38.347642666506964,-8.505114872305041,269.05712687909397
1380,38.30484133777539,-8.505851873034871,268.94905423788254
1381,38.26184859692676,-8.506797235560146,268.8389012125995
1382,38.21889087289882,-8.507714752976131,268.7290832785817
1383,38.175727714997905,-8.508737822874883,268.6253634080798
1384,38.13261237770776,-8.509717667923866,268.52225334311294
1385,38.08932059897909,-8.5107931736332,268.4252395644081
1386,38.04605284992859,-8.511796864617137,268.33003321645884
1387,38.00262128265562,-8.512912929322999,268.2425575774044
1388,37.95925005377361,-8.513969080574888,268.155692940706
1389,37.915699911164225,-8.515131707377993,268.0732821738645
1390,37.87220911318265,-8.51619925339708,267.98942851941365
1391,37.82851035692726,-8.51738245752609,267.91278332161846
1392,37.78484067793978,-8.518479089668714,267.837485263575
1393,37.740949747278265,-8.519715015207263,267.76249351306643
1394,37.69709268333837,-8.520939544400719,267.6870573868469
1395,37.65302940505783,-8.522325594005002,267.61310439592756
1396,37.609034635840544,-8.523689979113874,267.53718886781536
1397,37.564885169207614,-8.525148292354622,267.4621068677781
1398,37.52081527634248,-8.526511325207661,267.3878672107509
1399,37.47659580757774,-8.52793255713199,267.3162437829002
1400,37.43244163874836,-8.529294137532878,267.242334176294
1401,37.38808838764693,-8.531496949659479,267.16421964521714
1402,37.34387409129828,-8.533869363385053,267.0949448770395
1403,37.29953512493644,-8.536663823729581,267.02385495453643
1404,37.25521265383127,-8.539115450929206,266.95254524492077
1405,37.21073848477856,-8.541967731650274,266.8909294248032
1406,37.16629335663656,-8.544473919295811,266.8309169491726
1407,37.121701641155894,-8.547373906876787,266.77934803659315
1408,37.07717467782894,-8.549910414559585,266.7290247371782
1409,37.03262317218747,-8.552813173712755,266.6928412752815
1410,36.98822677479788,-8.555312503827551,266.6567450584411
1411,36.94383918917901,-8.558155344004113,266.6308121070262
1412,36.89961590654513,-8.560607289938485,266.6060471628845
1413,36.85534127786505,-8.563393811105398,266.592736895202
1414,36.81121924394318,-8.565797736967744,266.5800351304918
1415,36.767052645802764,-8.568542743722835,266.5771217614367
1416,36.72301060496826,-8.57092677233193,266.5765546069201
1417,36.67891937285696,-8.573628673368308,266.58011634511047
1418,36.6349642026781,-8.575986369280265,266.58385211121356
1419,36.59097415504777,-8.578636625820295,266.5931392920645
1420,36.54713299131854,-8.580926076993808,266.6033954049585
1421,36.5034202823859,-8.583471155801085,266.61384935997677
1422,36.45999054993907,-8.585639326825552,266.6273029652112
1423,36.416575431870335,-8.588102744055018,266.6462274957464
1424,36.373293753168795,-8.590148642434619,266.66681869209725
1425,36.32988159093953,-8.592485491989612,266.692202547643
1426,36.286570020569044,-8.594433433871947,266.71998313091854
1427,36.24321424106858,-8.596740413878639,266.7487067035511
1428,36.199921168023984,-8.598661727208563,266.77717553210795
1429,36.15663308803336,-8.600914439468827,266.8014781712453
1430,36.113461548588454,-8.60275552947204,266.82479268242605
1431,36.07029148160971,-8.604880424365158,266.8458227583176
1432,36.02726781897178,-8.606569434502049,266.8667738208391
1433,35.984211497882825,-8.608567457186998,266.8827216310972
1434,35.941284260569816,-8.610203949462777,266.89807357608674
1435,35.89825787356652,-8.612203522429354,266.9107405741689
1436,35.855262470159744,-8.613836752407664,266.92366925510265
1437,35.81214544831984,-8.615810837639762,266.9386428983271
1438,35.76913451190999,-8.617388980944247,266.9577862418726
1439,35.72612822437271,-8.619273228736702,266.9815465541372
1440,35.68326714623664,-8.62077220038135,267.00731434300064
1441,35.640395356060765,-8.622626165217069,267.0348818450502
1442,35.5976741428191,-8.624144470017583,267.06168734420874
1443,35.55488101748129,-8.626076464117316,267.08441745389365
1444,35.51221694562177,-8.62769124140505,267.1070093442932
1445,35.469408013390066,-8.629652308216215,267.1230145538453
1446,35.42661525041224,-8.631273487023096,267.13643922046236
1447,35.383637939554646,-8.633242099327129,267.14381124439143
1448,35.34070802635252,-8.634829710789278,267.14708661748836
1449,35.29773981691125,-8.636857648781477,267.1440472749395
1450,35.25493138156113,-8.638526308809311,267.1321620822929
1451,35.21235891648708,-8.640580716775494,267.11774611093597
1452,35.170063170826595,-8.642012766746475,267.10038498306596
1453,35.12785399405708,-8.643638183778751,267.0732450020574
1454,35.08560401119046,-8.645232346660054,267.0445579117369
1455,35.04331039000172,-8.647062802441356,267.01229398386033
1456,35.00092812392653,-8.648881723811773,266.97898380741054
1457,34.95858716083001,-8.650939036682255,266.9424171330024
1458,34.91620730887216,-8.652982602144416,266.90219621918897
1459,34.8739412791542,-8.65525917296279,266.85554193152973
1460,34.83165956009726,-8.657519671344874,266.80470656755824
1461,34.7894421835697,-8.659990650635102,266.7430272901735
1462,34.74716470618481,-8.662444262826368,266.67621537913567
1463,34.7048617242318,-8.66510615476255,266.6021155838625
1464,34.66244280768621,-8.667744476895367,266.5238149406869
1465,34.62000710623834,-8.670618161759206,266.43667548890835
1466,34.57751143239521,-8.673431642047486,266.348731916448
1467,34.53509269278794,-8.676444663699357,266.2561572007718
1468,34.49265683258035,-8.679424019388073,266.1650997364862
1469,34.45033127644865,-8.682607229615778,266.0703635176602
1470,34.40799029274972,-8.685807484262963,265.97503398423765
1471,34.365699931588935,-8.689239691021593,265.87617588867954
1472,34.323345282434545,-8.692669172755927,265.7766248685179
1473,34.28097252982382,-8.696302917704001,265.6726169638243
1474,34.23853856624959,-8.699893115122821,265.5675899866442
1475,34.19612068951961,-8.703674903682355,265.4576468218841
1476,34.15368236065888,-8.707439263605028,265.3442954284611
1477,34.11131457807589,-8.71145685907297,265.2217437790089
1478,34.06893572472884,-8.71548220437115,265.09867922179944
1479,34.02659931840002,-8.719774240712388,264.9697388631128
1480,33.98422423044584,-8.724067478620507,264.8402027744539
1481,33.94186165542424,-8.728630108927552,264.7055640381582
1482,33.899405819365064,-8.733160484698328,264.5733608949325
1483,33.856982548440136,-8.737977279141722,264.43556744233734
1484,33.81448088777987,-8.742747201431548,264.29867240093387
1485,33.772047005403365,-8.747777359596862,264.1567974513191
1486,33.72958279264783,-8.752764849909264,264.01702568382245
1487,33.687171993450654,-8.75797788608028,263.87179133641615
1488,33.64471440497498,-8.763150685145304,263.7278445267468
1489,33.60226517380515,-8.768567950605322,263.5809599833164
1490,33.559735793212035,-8.773939153371797,263.43434873786265
1491,33.5172372144295,-8.779556093527516,263.28877468938543
1492,33.47465281571409,-8.78515365476842,263.14189515043034
1493,33.432161687731494,-8.791037827974053,262.99667993678537
1494,33.38962263370228,-8.796915725103174,262.8515926928931
1495,33.347155804441044,-8.803070035474075,262.7058406570791
1496,33.30463382253591,-8.809288270307496,262.5606993030985
1497,33.2621620765708,-8.815812525211514,262.41265275655405
1498,33.21964326501256,-8.822405324653987,262.2612485790415
1499,33.17718519419816,-8.829274320377705,262.1052170681454
1500,33.13471980952924,-8.836239805945485,261.9471541556376
1501,33.092942953671034,-8.843521251532067,261.7931725630138
1502,33.05140537416929,-8.850741978938336,261.62401435186
1503,33.01010023102484,-8.85820324378158,261.44636887091013
1504,32.96849772485488,-8.865708972910946,261.2705351796603
1505,32.927170111755686,-8.87349521701959,261.0877770836562
1506,32.885478360805635,-8.88141327214708,260.9063589237433
1507,32.844110030078504,-8.889602461669345,260.72487959732786
1508,32.80238759123707,-8.89784518600591,260.5462444702566
1509,32.760989606374636,-8.906282129466954,260.367720070659
1510,32.71925514905841,-8.914722768357585,260.1882286708513
1511,32.677880118913244,-8.92346551019501,260.0058306141399
1512,32.63616442917801,-8.932212524182566,259.8221364644032
1513,32.59477457378305,-8.941280084340121,259.6303560416052
1514,32.553046475339194,-8.95038791079472,259.43631762743865
1515,32.5116210177728,-8.959739700295877,259.2379084601959
1516,32.469878600655974,-8.969101941772097,259.0391346369728
1517,32.42847103325041,-8.978680328798744,258.83776534673893
1518,32.38672396483721,-8.988320218219412,258.637478428165
1519,32.34531979925263,-8.998271337130314,258.43726406657674
1520,32.303549244095294,-9.008311386980306,258.23497086007256
1521,32.262126160653345,-9.018641477560397,258.0336739704583
1522,32.22035699191681,-9.029039015253119,257.8311307133874
1523,32.17893632986365,-9.039675959821201,257.6262434647298
1524,32.137261652249585,-9.050362289340299,257.421481185053
1525,32.09591271081138,-9.061264036211377,257.2152822458326
1526,32.054326011535316,-9.072257204728466,257.0071192826288
1527,32.013105423093556,-9.083507745242002,256.7946165768267
1528,31.971571295100965,-9.094881168256741,256.58186658956566
1529,31.930383927434765,-9.106548270626954,256.3643264343305
1530,31.888853539385018,-9.118302255828825,256.14944286539105
1531,31.84764544448533,-9.130281412139297,255.9344527231594
1532,31.806119102990728,-9.142271056716414,255.72139113105942
1533,31.764914693498106,-9.154476995166066,255.51177218082273
1534,31.723385110154144,-9.166728219985023,255.3038109249365
1535,31.682209839736647,-9.179259586611142,255.0984395349338
1536,31.640698750082855,-9.191900843352792,254.89231049908892
1537,31.599529380437144,-9.204809885407531,254.6859679221829
1538,31.558022631831726,-9.217794529924102,254.47828382336067
1539,31.5168569512288,-9.230996181521652,254.2699928858956
1540,31.475375110933605,-9.244239035107855,254.060131827458
1541,31.434286655424057,-9.257727313660135,253.84741268277693
1542,31.392869127360594,-9.27129520647174,253.63719404479681
1543,31.351795271686267,-9.285160445666303,253.4258837159367
1544,31.31039998089154,-9.299179389958818,253.21627852856932
1545,31.269357955936233,-9.313496474315368,253.00381455975668
1546,31.22798108975302,-9.327916314336177,252.79098126959383
1547,31.186985814083314,-9.342538841253834,252.58267665007057
1548,31.145688972497034,-9.357202735839097,252.3749522370752
1549,31.104809292086138,-9.372077538153043,252.16712046666788
1550,31.063646482489236,-9.387012005402534,251.96033151856193
1551,31.0226671809565,-9.40171693235276,251.74385040017512
1552,30.981116785545613,-9.416241232953144,251.5304182120656
1553,30.93967313605372,-9.43072781555656,251.31812601919296
1554,30.89816937358543,-9.445587818006361,251.1025617046601
1555,30.856761711651174,-9.460361935642956,250.88827136964267
1556,30.815336313468187,-9.475487401533668,250.67217795183157
1557,30.774019647518617,-9.490518316024062,250.45600581266768
1558,30.732695485928573,-9.505914776665858,250.2421202814947
1559,30.691436494599916,-9.521258539566537,250.02700472557189
1560,30.65011784597164,-9.536955898432455,249.81210807982725
1561,30.60886054767609,-9.552597009293986,249.59964515365377
1562,30.567538359069502,-9.568551987096887,249.38809307715
1563,30.52634336487694,-9.584463081278944,249.18024413980132
1564,30.485133630268027,-9.600714095023182,248.9765496514469
1565,30.444083084399512,-9.616982034055845,248.77221151634367
1566,30.403037645504153,-9.633688930794829,248.56804469569906
1567,30.362111038869333,-9.650444201054269,248.3596062478802
1568,30.321171805382754,-9.667617068269365,248.15010076029208
1569,30.280275644258055,-9.684742918953523,247.93493059581905
1570,30.239309165905897,-9.702222749820299,247.71973470914295
1571,30.19841526862217,-9.719540182966746,247.50141281235346
1572,30.15744092984574,-9.737171300807715,247.28390218664603
1573,30.116597960500545,-9.754724959793636,247.062229323432
1574,30.075751265755375,-9.772669366277533,246.8433030261875
1575,30.03503429224887,-9.79058486572895,246.62341376030616
1576,29.994308882662597,-9.808900203719155,246.40325102047723
1577,29.9536615246898,-9.827145724598761,246.18743741792923
1578,29.912943516215314,-9.845736883331252,245.97272071270788
1579,29.87233745637357,-9.864240075218369,245.7616229393939
1580,29.831721863676858,-9.883109738692179,245.55071735554154
1581,29.79124321396846,-9.901954515609422,245.33950793029385
1582,29.750788664228786,-9.921226325293143,245.12569640904687
1583,29.71047714124707,-9.940479038505215,244.90938530968802
1584,29.67012750381215,-9.960131286511329,244.69185924877783
1585,29.629835619772052,-9.979716338290082,244.4754085057821
1586,29.589482957419005,-9.999678521912704,244.26111817861468
1587,29.549223064069565,-10.019588869324762,244.04657007242105
1588,29.50894352087134,-10.039893103456475,243.83229875692373
1589,29.468846421683548,-10.060179430849207,243.62039414309686
1590,29.428769120197106,-10.080862551443788,243.40560385953896
1591,29.38883963249851,-10.10149932769061,243.19201746147303
1592,29.348880367050164,-10.122515792759797,242.9793294838094
1593,29.30902271267381,-10.14354297331248,242.7613946247147
1594,29.269118464135857,-10.16492908232583,242.542962970893
1595,29.229300752979313,-10.186320489120924,242.31889110402975
1596,29.18945149347791,-10.208099335357577,242.0969738582784
1597,29.149698702930056,-10.22979308493947,241.87371939216794
1598,29.109935258513904,-10.25186160899042,241.65488393278136
1599,29.07029770207678,-10.27381441102671,241.43860262797875
1600,29.030660858240562,-10.296135465303957,241.22535299207664
1601,28.991153976812363,-10.318507466648057,241.01572202804314
1602,28.951566209121843,-10.341398926734675,240.80386762964864
1603,28.912053618403057,-10.364390703849159,240.59067517845028
1604,28.87254447434579,-10.387608762910174,240.37713734433984
1605,28.83311477801806,-10.410870871270983,240.160019909417
1606,28.79372251505219,-10.434351947247045,239.9408895069129
1607,28.75439346633094,-10.457881541120935,239.71283088228992
1608,28.71511490562623,-10.481650220768598,239.49544110586436
1609,28.67585193851991,-10.505505016391051,239.280574816088
1610,28.63659073716107,-10.529639717925393,239.0691189719207
1611,28.59737350012715,-10.553893428229237,238.86254173488945
1612,28.558164228953355,-10.578401443102065,238.65550941821402
1613,28.51903189686305,-10.602928993101292,238.4529018620224
1614,28.479900243440277,-10.627643387144767,238.25172541797014
1615,28.440855209808532,-10.652325013836169,238.05105410809566
1616,28.401831051262842,-10.67717421847648,237.8525653624927
1617,28.362868411504856,-10.702012497773293,237.65612554438425
1618,28.32393139992944,-10.727078693715637,237.4598830097809
1619,28.285037728547195,-10.752256001853024,237.2645840345613
1620,28.246164538381457,-10.777706063305235,237.0719962343297
1621,28.207385174001622,-10.803224377385362,236.88095051608002
1622,28.168657314427715,-10.82897295680741,236.6962531517826
1623,28.129993038729854,-10.854728953912847,236.5150300356856
1624,28.09139453076319,-10.88068780517198,236.33642693153888
1625,28.052890332133046,-10.906685759030752,236.16071872916012
1626,28.014414756305943,-10.932895936582462,235.986250336411
1627,27.976004536161895,-10.95916336567964,235.81540812709818
1628,27.93762461973493,-10.985660630142407,235.64898200991016
1629,27.899280938094492,-11.012219016726554,235.4863345872577
1630,27.86099782995484,-11.03901108558378,235.3266212076541
1631,27.8228036260496,-11.06585065380775,235.1684030619731
1632,27.784630241482724,-11.092877094478075,235.0140365523873
1633,27.746516886270705,-11.119903491756293,234.86530771020594
1634,27.708388714292237,-11.147114647890803,234.7183690659388
1635,27.670259683072203,-11.174386246074036,234.5769584507365
1636,27.632117978947967,-11.201880083637361,234.43677720886268
1637,27.59398379591424,-11.229444440474463,234.29837883191507
1638,27.5558423596213,-11.257188628402439,234.16072019258658
1639,27.51772476637294,-11.284933449066223,234.0292778003357
1640,27.479614517276776,-11.31281348426791,233.8991325019603
1641,27.44158377286974,-11.340559783419106,233.7701981417085
1642,27.40346179615629,-11.368490570028692,233.64651676361126
1643,27.3653738691623,-11.39640023178288,233.52598640320113
1644,27.32728954153003,-11.42452018194205,233.40724945438856
1645,27.289209929425176,-11.452662157934537,233.28928278000672
1646,27.251127818369532,-11.48092982981463,233.17365758112578
1647,27.213068259678263,-11.509142952294072,233.06221943336834
1648,27.174934349323454,-11.53743034154741,232.9544038978597
1649,27.13686843418363,-11.565670883893498,232.8482111144016
1650,27.098728244942272,-11.593971569277251,232.74795154999993
1651,27.060815438408927,-11.622224650364256,232.6546776208418
1652,27.0228988083112,-11.650617099797188,232.5603282081022
1653,26.98508996273616,-11.679008248255869,232.4677933812893
1654,26.947203408517133,-11.707552194522998,232.37306292045884
1655,26.90945862552113,-11.736094033511641,232.2827034752113
1656,26.871636567743586,-11.764751293137042,232.19210091153224
1657,26.833905973746567,-11.793387285896518,232.10643826346475
1658,26.796097263905036,-11.822130412189333,232.02105376270472
1659,26.75832885600758,-11.8508797119955,231.939824302026
1660,26.72053761458349,-11.879818889348641,231.86478490446453
1661,26.682752183038208,-11.908816707583611,231.79439347129386
1662,26.644911327382015,-11.937990786922501,231.72729845573332
1663,26.60708991918625,-11.967124625210662,231.66634303014348
1664,26.56918251654311,-11.996341144396665,231.60636839268275
1665,26.531299282947344,-12.025493509536455,231.55336087256697
1666,26.4932898826341,-12.054708439782408,231.50324682753148
1667,26.455334097055662,-12.083937687056702,231.45413512355742
1668,26.417324576763697,-12.11327008762474,231.40519875647004
1669,26.379436914862307,-12.142617456102718,231.35954099932195
1670,26.341490361586075,-12.172060770840005,231.31422908895152
1671,26.303607530343207,-12.201437763503645,231.27066309010235
1672,26.26563210582314,-12.230878431322427,231.23146624962394
1673,26.227693454176002,-12.26022518994407,231.20037925186887
1674,26.189677804061958,-12.289675410337889,231.17148951656114
1675,26.151770809831238,-12.319098767072973,231.1496087573597
1676,26.113821626718334,-12.348652240167906,231.13239819169593
1677,26.075917749510623,-12.378129072546239,231.12214466800273
1678,26.037925365573766,-12.407688823295578,231.1182516148691
1679,25.999887358212266,-12.437096799501237,231.12493861534946
1680,25.96170407600662,-12.46649301723495,231.1375779617839
1681,25.923517850080565,-12.49576665226747,231.15977676706643
1682,25.885191019997254,-12.525041448630553,231.1833369045763
1683,25.846926384945366,-12.554202454322192,231.21229609115656
1684,25.808557830139982,-12.583366765703408,231.24439780358472
1685,25.77026111229256,-12.612326532216665,231.28342416321698
1686,25.73189698336899,-12.641312328471262,231.32249008713507
1687,25.693449860678047,-12.670052116727657,231.37336388670516
1688,25.65487844366486,-12.698767302448548,231.4276403435831
1689,25.616213498994718,-12.727316678251638,231.4881668438966
1690,25.577415956020353,-12.755830042550972,231.55341503687438
1691,25.53858677017244,-12.784175417859803,231.61748495496468
1692,25.499594556264967,-12.812492944903557,231.68868632415845
1693,25.460610283979488,-12.840606058044617,231.75952878500567
1694,25.421466271536243,-12.868699695230333,231.83700343925517
1695,25.38234380072752,-12.896613738009396,231.92210216032123
1696,25.343041589671326,-12.924482198563878,232.0145600067141
1697,25.303728117581777,-12.952167076582635,232.12007588507115
1698,25.26424974988505,-12.979817534404528,232.23012941650924
1699,25.22474913764815,-13.007318683143342,232.35502775964287
1700,25.18503727559993,-13.034781804617815,232.4826099854297
1701,25.145362364574858,-13.062030053114007,232.62364791944074
1702,25.10546843905479,-13.089240195451115,232.76820978776522
1703,25.065504779234196,-13.116249433912483,232.92375083884386
1704,25.025359030491718,-13.143142741288127,233.07998128101525
1705,24.98516911140025,-13.16985873904877,233.24591169317054
1706,24.944821717203897,-13.196478557021676,233.41217710951318
1707,24.904435895882518,-13.222959356152352,233.59412429293113
1708,24.863895630433912,-13.249318729178713,233.765902584323
1709,24.823299920271992,-13.27546552427476,233.94222050401535
1710,24.782563149064135,-13.30150384383795,234.1184871333134
1711,24.741835781037278,-13.32743294389089,234.29597403457328
1712,24.70095053312883,-13.35329936996293,234.47151931441365
1713,24.660089600908425,-13.378990239461071,234.6469156260493
1714,24.619108279127882,-13.404592706614878,234.81884681739686
1715,24.578148761965522,-13.429979354053533,234.98949648781218
1716,24.537051854621424,-13.455210143356798,235.16121899312654
1717,24.495955366596903,-13.48024316879495,235.33057817959178
1718,24.45469666370195,-13.505142781651042,235.49843200053806
1719,24.41343125411752,-13.52987118424443,235.6649101549857
1720,24.372035094385975,-13.554537192933237,235.8296716495355
1721,24.330676028682525,-13.5790444559392,235.99218272717775
1722,24.289177405908863,-13.603483214643026,236.15569976660709
1723,24.24769516326078,-13.62772684693287,236.31838647575952
1724,24.206094398600168,-13.651848907163135,236.4833372778397
1725,24.164503138920683,-13.6758169585507,236.64709012066723
1726,24.12282674039967,-13.699694768557556,236.81227629735767
1727,24.08115188705919,-13.723414866402651,236.97595828944966
1728,24.039357748205212,-13.74706268246549,237.13938952139958
1729,23.997558857466625,-13.7705629764111,237.2988992126398
1730,23.95556278472507,-13.793944898267751,237.45909514872477
1731,23.91343595335306,-13.817246571551374,237.61803749056568
1732,23.871069388735908,-13.840498767577138,237.7789379935437
1733,23.82861817852309,-13.863662757706468,237.93951582886686
1734,23.78606472341129,-13.886755511408836,238.10259404458046
1735,23.743602924773114,-13.909690874839983,238.26791083911462
1736,23.701038641278505,-13.932554605792578,238.4314857797477
1737,23.65852894446755,-13.955207892917556,238.59581880269334
1738,23.615900772908418,-13.977761835786804,238.75847271249714
1739,23.573278780859518,-14.000174807957972,238.92203648267179
1740,23.530510212379106,-14.022482201611112,239.08512076962583
1741,23.48777683281008,-14.044640662509078,239.2513482306837
1742,23.444908486871913,-14.066766102802855,239.42027978766023
1743,23.40200189195895,-14.088800838603806,239.58570848048515
1744,23.358886511040176,-14.110867213562056,239.75455664923012
1745,23.315660398242585,-14.132874142123192,239.9184546293825
1746,23.272250888876215,-14.154856640928301,240.08449078305318
1747,23.22887604003008,-14.176668360235979,240.24681272721176
1748,23.18541749329901,-14.19838396050487,240.40961307248412
1749,23.14200625938997,-14.219874527730951,240.57021167008526
1750,23.098493714961705,-14.241247798992323,240.73161513027333
1751,23.055271946848208,-14.262535642241028,240.90002495882587
1752,23.012003058605778,-14.283791352451363,241.06423528953272
1753,22.968815257802113,-14.304993041855804,241.22703398173093
1754,22.925320563541774,-14.326088235985344,241.39295294467402
1755,22.88188989307946,-14.347147802828509,241.5590528452664
1756,22.838157653064854,-14.368046642152978,241.72419750194084
1757,22.794520688276094,-14.388830234409113,241.88950063095334
1758,22.75062098462486,-14.409377041462076,242.05498821042514
1759,22.70679263801669,-14.429740440336685,242.22344603594718
1760,22.66272303237335,-14.449895020615308,242.39138873470418
1761,22.618719348373308,-14.469962603664902,242.56057619896075
1762,22.574466199520522,-14.489969921389985,242.72554859482725
1763,22.53026341022221,-14.509983139652618,242.88696190763523
1764,22.485796414442902,-14.529935829082314,243.04600750350787
1765,22.441398994204388,-14.549799176531327,243.2061494399333
1766,22.39675361187695,-14.569489705053897,243.36409044398627
1767,22.35223929236845,-14.589005602437862,243.52543165019324
1768,22.307522792955393,-14.608280488227468,243.68680943623067
1769,22.262922617156832,-14.627404119389727,243.84961159120738
1770,22.218112067755207,-14.646402277936492,244.01337223758787
1771,22.173374595091687,-14.665411140921485,244.17799846815888
1772,22.128385896675567,-14.68435589404132,244.34023095863543
1773,22.083448785475007,-14.703334358883259,244.5049183012528
1774,22.038236239481556,-14.722186661569685,244.66985646158759
1775,21.993110015150187,-14.740922283670367,244.83426302405357
1776,21.94776637361633,-14.759480844674473,245.0022666363963
1777,21.902555008019615,-14.777944743825627,245.17088897560194
1778,21.857164794138473,-14.79626075399901,245.33879252955452
1779,21.811875258161468,-14.81451986765325,245.50574825039206
1780,21.766314343641966,-14.832620478620441,245.67138218588872
1781,21.7207597249757,-14.850662097624213,245.8393751491668
1782,21.674869577930654,-14.868539153247063,246.0070928822871
1783,21.62907276948518,-14.886363874044596,246.1678058508821
1784,21.58304542252768,-14.904034963116285,246.3314290313314
1785,21.537202550735568,-14.921594626780815,246.49008785086673
1786,21.491165746061288,-14.93901090004561,246.65024941212783
1787,21.445275280284886,-14.956307739298257,246.81358772059093
1788,21.39913199267528,-14.973446251799123,246.97741190852364
1789,21.353010978691604,-14.990499012818894,247.14486117763948
1790,21.306649681257326,-15.007417409786054,247.31420238862674
1791,21.260372298639215,-15.024263740353598,247.48483337518553
1792,21.213878568931875,-15.040967639881437,247.653274504055
1793,21.167539926874007,-15.057515496660198,247.8188084882199
1794,21.12098915637275,-15.073848041805926,247.98335261923975
1795,21.074510294331926,-15.090035413530812,248.15035756294927
1796,21.02777359922534,-15.106008751717443,248.31511229454122
1797,20.98109751761245,-15.121912925252968,248.47890730698936
1798,20.93416565347927,-15.137688497996589,248.64105300769438
1799,20.88733369768972,-15.153435818534064,248.8001292184242
1800,20.840284003542507,-15.169036925818034,248.95928280889723
1801,20.79371999660062,-15.184790655764129,249.13268291413905
1802,20.747058413022824,-15.20041366343878,249.29236878466693
1803,20.700620811543956,-15.216000124703346,249.45561476028058
1804,20.653860588488424,-15.23129780676469,249.6224789335429
1805,20.607285533808685,-15.246642086425911,249.79338849714094
1806,20.56033835602747,-15.261786592773007,249.96185561323196
1807,20.51351306329877,-15.276948061489053,250.12948032580812
1808,20.466360726747308,-15.291890978365124,250.29521558638532
1809,20.419434251961448,-15.306840372499291,250.4610207812486
1810,20.372248002635935,-15.321500791771287,250.62324231977803
1811,20.325265036049714,-15.33615613416681,250.78332449165563
1812,20.27798699451707,-15.35052725353031,250.94540637711265
1813,20.2308627135965,-15.364941529894102,251.10924500106506
1814,20.183419666173208,-15.37913949108378,251.27439767697533
1815,20.136084577787116,-15.393349091614347,251.4422446689564
1816,20.088462239733598,-15.407319607160089,251.61032217164072
1817,20.04106176900251,-15.421266736727205,251.7824051837567
1818,19.99341041791212,-15.434922600328923,251.95023710176076
1819,19.946012636401118,-15.448561791105384,252.11751778308638
1820,19.898358312504566,-15.46194412822383,252.2854810851494
1821,19.850891309329405,-15.475301630067296,252.44808968576734
1822,19.803101462798725,-15.488450045072659,252.6121843138036
1823,19.755442103431488,-15.501566872991248,252.77260340118778
1824,19.7074807976091,-15.51440158831209,252.93082827633694
1825,19.659708829120188,-15.527196640091695,253.0955496535378
1826,19.61165467673219,-15.539688199588149,253.25757775298425
1827,19.563844111451367,-15.55216172059141,253.42123562331832
1828,19.515777122551818,-15.564407539542831,253.58668207279982
1829,19.467885203212845,-15.576639233180128,253.74928799564455
1830,19.419671954189326,-15.588691201445503,253.91405670954825
1831,19.371615398591132,-15.600738623007054,254.07809004731573
1832,19.323222043324442,-15.612547380092739,254.24308345461216
1833,19.2750655963493,-15.624367941409318,254.40670387724208
1834,19.226667450416997,-15.635940837938172,254.56751327591212
1835,19.17854644806547,-15.64753088302756,254.720374896283
1836,19.13017560153453,-15.658868233789594,254.8707586085219
1837,19.0820372143871,-15.670199894663028,255.01824232980417
1838,19.033585670651224,-15.681296866566512,255.16607389096936
1839,18.98525929017441,-15.692401428932865,255.31525337788952
1840,18.936599531240592,-15.703260159236287,255.46841483719388
1841,18.888123252497092,-15.714125812553082,255.62327554936198
1842,18.839374717790932,-15.724771340868802,255.7814293199444
1843,18.790896556956945,-15.735411548523302,255.94042938157003
1844,18.7421831202692,-15.745812740620348,256.0971728802274
1845,18.69368379227974,-15.756185563747035,256.24759635377615
1846,18.644889399039112,-15.7663140498661,256.398585693484
1847,18.59621618794534,-15.776456125604012,256.54535953199957
1848,18.547231289093563,-15.78637862308139,256.6925672777726
1849,18.498376155109074,-15.796375549855828,256.8345129698533
1850,18.44924781139167,-15.806165381095383,256.9772182642172
1851,18.400946941542514,-15.816163303521428,257.1389672858718
1852,18.3525188324388,-15.825948706399268,257.2788256513893
1853,18.304500907565888,-15.835780766048035,257.4187669962376
1854,18.256024918467993,-15.845326473295767,257.5522652116157
1855,18.207933087913062,-15.854892794949931,257.6862882151002
1856,18.159324260553497,-15.86417973928696,257.81896173026456
1857,18.11106658546876,-15.873510811029576,257.94974883937226
1858,18.062313154661137,-15.88255027834836,258.0782268105202
1859,18.01399725596193,-15.891632315690577,258.2057541890991
1860,17.965248844870214,-15.900454480862056,258.33077952793695
1861,17.91699074198255,-15.90933238674475,258.45492679904044
1862,17.868298546376558,-15.917977988645458,258.57934430990406
1863,17.819967554596264,-15.926712307680514,258.70012178876124
1864,17.771148088226152,-15.935218515988982,258.82436545313453
1865,17.722657363559534,-15.943824327327924,258.9493967367198
1866,17.67369599386861,-15.952241953412049,259.0783461414379
1867,17.625180537830083,-15.96078564145537,259.20460695140235
1868,17.576225169499164,-15.969178938768735,259.3306395357319
1869,17.527785664840493,-15.97765030637138,259.45241085743345
1870,17.47889372647352,-15.985856186075743,259.57176517892765
1871,17.430390382226577,-15.99406193402589,259.687104976377
1872,17.381409286336773,-16.00197804992069,259.80175517169226
1873,17.33276030246189,-16.00993178913877,259.90622649355305
1874,17.283610379540868,-16.017641511661864,260.01176904557497
1875,17.234887316681366,-16.025494864424708,260.10697882716147
1876,17.185736370911425,-16.033121319073103,260.2027741671978
1877,17.137069590192496,-16.04087755320081,260.29322390860773
1878,17.08797896099921,-16.048382655117003,260.3846503118632
1879,17.039317086076988,-16.055957025036403,260.4736142356267
1880,16.990169696040137,-16.06330313590711,260.56262339252737
1881,16.941363993289897,-16.07076918966103,260.6517031229752
1882,16.89204798951734,-16.078055594570923,260.73568202681946
1883,16.843182265895585,-16.08548685811165,260.8189069885322
1884,16.793891910908005,-16.09275156696824,260.9009080243109
1885,16.745078879760356,-16.100138607640748,260.9787484222455
1886,16.695825949651287,-16.10732146004952,261.05457442286945
1887,16.646969824327446,-16.11460004885759,261.12882314321513
1888,16.59761145473438,-16.121685518333848,261.20072846550636
1889,16.548598781413972,-16.12891108356553,261.27173810578546
1890,16.499072257397685,-16.135933923241943,261.3414698577231
1891,16.449949955033198,-16.143085230378148,261.4134211079401
1892,16.400410641769707,-16.149974470491973,261.4866249634559
1893,16.351328232936865,-16.156952105849605,261.5602215886862
1894,16.30184185210493,-16.16366400479053,261.6367814055594
1895,16.252778890732518,-16.170534975249574,261.7122648694134
1896,16.203266909591857,-16.17720289195123,261.78864521419484
1897,16.1540952874885,-16.184027619836726,261.86106710182844
1898,16.104433366876336,-16.190633984440673,261.93132460688656
1899,16.055131329112005,-16.197318267855998,262.00135342237803
1900,16.00534301273207,-16.20375364231356,262.0712239851597
1901,15.956996924234971,-16.210529326862265,262.1876525711699
1902,15.908400603748442,-16.217097180577113,262.2538459192508
1903,15.860509821177583,-16.22385772995903,262.31973974165135
1904,15.811885638965169,-16.23039433504554,262.3824732598377
1905,15.76390528924715,-16.237067988972637,262.44173992956166
1906,15.715131688682945,-16.24349031660716,262.5019272889196
1907,15.667040569517015,-16.250016667744404,262.5584144804645
1908,15.618229731919774,-16.25627586788226,262.6138709057907
1909,15.570186537588556,-16.262677262375604,262.6695163624608
1910,15.521473076662685,-16.268859902269494,262.7256133314143
1911,15.473498588935449,-16.275202031034674,262.7806826956523
1912,15.424776333205543,-16.28133585165283,262.8347735194181
1913,15.376739799511363,-16.287619158867226,262.8881770515086
1914,15.327901233497931,-16.293685120542214,262.9402967291557
1915,15.27973070053584,-16.299907238574704,262.99045435746297
1916,15.230817734382619,-16.305926970299303,263.0414485855704
1917,15.182619695995097,-16.31209770182124,263.09024227350244
1918,15.133737162021028,-16.31806560522475,263.13942848398915
1919,15.085582022692785,-16.324265605117077,263.1866340812862
1920,15.03667349575235,-16.33025454264703,263.2317850035895
1921,14.988455362746434,-16.33643264451551,263.2732076755175
1922,14.939441944103649,-16.342403599567536,263.31057094023976
1923,14.891122240018653,-16.348580943257577,263.3469517913102
1924,14.842057143267338,-16.354565102133172,263.3835115891599
1925,14.793742954567923,-16.360786746797224,263.4188536805925
1926,14.744698612923935,-16.36680978500035,263.45485866619816
1927,14.696374073332795,-16.37299078703945,263.49178935461094
1928,14.647344884153302,-16.3789000274706,263.52933752748515
1929,14.598943106137813,-16.384915133596635,263.57139279240806
1930,14.549785561538059,-16.390685969775575,263.6118331506419
1931,14.501313071213659,-16.3966086089003,263.64969590657427
1932,14.452119581472987,-16.402323085044326,263.68617697744315
1933,14.4036634203741,-16.408207691382078,263.719005498176
1934,14.354526732681803,-16.413846948492704,263.7538390631088
1935,14.306092703415805,-16.419584547106922,263.78877531007447
1936,14.25691574165328,-16.425047377434677,263.82615685829114
1937,14.208403978293255,-16.430689998616987,263.86640845624976
1938,14.159158569274698,-16.436135544685254,263.90625090987027
1939,14.110582017403766,-16.44176126582546,263.94389776704384
1940,14.061319493844412,-16.447215129766093,263.98269471221073
1941,14.012774233394198,-16.452830776837033,264.01678879993943
1942,13.963561458588542,-16.45821153296749,264.0499783256065
1943,13.91505922808349,-16.46376432144384,264.0802154658998
1944,13.865843968869912,-16.4690336931924,264.111321322426
1945,13.817289663962969,-16.47447689135323,264.14043486553214
1946,13.767988014008651,-16.47968758987312,264.17040318734655
1947,13.719391780779375,-16.48506611801614,264.2000337693102
1948,13.670091627529342,-16.490242299298636,264.2297902235561
1949,13.621519367018626,-16.495569056713727,264.260180946392
1950,13.572256855578333,-16.500716074555843,264.29027503514
1951,13.5232172743023,-16.505700734125,264.3205289263287
1952,13.47287654800368,-16.510271638123356,264.3487700156776
1953,13.4226196553235,-16.514811488363375,264.37699843718826
1954,13.372153483391648,-16.51945466309872,264.40681581624244
1955,13.32181660004791,-16.52401393643461,264.4319680342908
1956,13.2712858989531,-16.528649582244984,264.45729323874923
1957,13.220915239780723,-16.5331753773872,264.48317286883815
1958,13.170359809737818,-16.53778117810664,264.5076888565024
1959,13.11996725263047,-16.54234175241678,264.5296757949477
1960,13.069385499982687,-16.54703852587117,264.5540680339478
1961,13.018945630053308,-16.551659686607408,264.573354144962
1962,12.968302163500905,-16.556378873268287,264.5944157230885
1963,12.917811341394868,-16.56090294534939,264.61693344890307
1964,12.867143842740496,-16.565380234427984,264.64161212482514
1965,12.816634929297184,-16.569674936622462,264.6708595785243
1966,12.765944597116174,-16.573984176750553,264.69879656624465
1967,12.715420662094248,-16.578224975692297,264.7239499813802
1968,12.66470321350973,-16.582535750323068,264.7474585699879
1969,12.61411303690124,-16.58676949528617,264.769808844956
1970,12.56331231823471,-16.591014710755424,264.7925539498324
1971,12.512631220779722,-16.59512530418626,264.81750843247136
1972,12.46174928984808,-16.599288769715596,264.8404021880691
1973,12.411048702515943,-16.603380562530063,264.86256935371216
1974,12.360177192766592,-16.607573445540837,264.8862806447229
1975,12.309445190399293,-16.611664169331586,264.9089417595807
1976,12.25854992122689,-16.615838665923366,264.93323424755863
1977,12.207773548546061,-16.619909548476127,264.9573596802458
1978,12.156767755942726,-16.624040898323933,264.97768449020873
1979,12.105890963493804,-16.628091231952894,265.0014101972465
1980,12.054774697147693,-16.632188736746485,265.0251091788608
1981,12.003812873716901,-16.63615640683445,265.05209072294
1982,11.952661755369355,-16.640150811982718,265.08103549747085
1983,11.901663801375982,-16.64400611544928,265.1152169454572
1984,11.850515710370379,-16.647906828360945,265.14723723688485
1985,11.79948903298574,-16.651738745059937,265.18312845785744
1986,11.748257925186541,-16.65565970315065,265.2184637861441
1987,11.697155395798363,-16.659527402558652,265.255667345677
1988,11.645857904619564,-16.66344244354392,265.29401136721856
1989,11.594716651189318,-16.667201359729585,265.3335929526464
1990,11.543422338840749,-16.670978504544763,265.3727151547552
1991,11.492273006843092,-16.67461736581668,265.4135168619976
1992,11.44093137561296,-16.67830755758388,265.45418483105163
1993,11.389670063472996,-16.681900812962798,265.49538800295517
1994,11.33819052457713,-16.685593088340067,265.5349244967132
1995,11.286800814600182,-16.689234512113117,265.5706872498195
1996,11.235224272300089,-16.692919865265957,265.6067182188677
1997,11.183805688655497,-16.696380377090208,265.6417768992105
1998,11.132256734190461,-16.699791142625536,265.67837598135765
1999,11.08094978287107,-16.702990279334266,265.7156761199385
2000,11.029506502999853,-16.7062250023041,265.7499195508916
2001,10.978308452368855,-16.709145150646762,265.7809141689399
2002,10.926888866477752,-16.712107996822333,265.80885861400975
2003,10.875548803454373,-16.71488292519625,265.8403089991145
2004,10.824086324563522,-16.717817841845157,265.87543322110827
2005,10.772719271174891,-16.72049175181698,265.9147633344107
2006,10.72125999050477,-16.723348384371867,265.9565988548793
2007,10.66993375169658,-16.726048176551863,265.9984868206491
2008,10.618495932675161,-16.728948691149697,266.0391100704319
2009,10.567132476224437,-16.731654811476734,266.0760778174418
2010,10.515628729500188,-16.734522320460382,266.11263025332596
2011,10.464273792750765,-16.73708917894939,266.1476100475925
2012,10.412814308480385,-16.739819489192442,266.18114054693524
2013,10.361497717658265,-16.74233033083865,266.2094619568971
2014,10.31009870024092,-16.74500567906157,266.23751312526434
2015,10.25881403951414,-16.747461430878165,266.2687259566912
2016,10.20741260191991,-16.750052876912676,266.3011494499264
2017,10.156132082276963,-16.75246088636673,266.3359044729594
2018,10.104737784022758,-16.754972419919802,266.37356093198514
2019,10.053476526418576,-16.757276158141657,266.4137097277321
2020,10.002084694393695,-16.759720296652624,266.454140815331
2021,9.950835434661904,-16.76196375061523,266.496507366856
2022,9.89947053240696,-16.76435906906152,266.5386759644056
2023,9.84826449894915,-16.766577967825462,266.57861034293273
2024,9.796923942679909,-16.76896036173556,266.6163698534615
2025,9.745751983179687,-16.771148939673296,266.6483391834032
2026,9.694420567107775,-16.773473863499497,266.6794478920753
2027,9.643232432294141,-16.77563053482676,266.70603807527067
2028,9.591901424634653,-16.77790995611207,266.73138487527774
2029,9.540706001416517,-16.78003901349163,266.7561767979744
2030,9.489393649842642,-16.782324072595006,266.7784549169086
2031,9.438250931217677,-16.78440235174246,266.8017890491515
2032,9.387024477138677,-16.786585276872124,266.82595164402096
2033,9.335980168941157,-16.78849654926858,266.85028228092386
2034,9.284867915216811,-16.79056408610833,266.8740886402048
2035,9.233908948249173,-16.792473548659466,266.89597988774614
2036,9.182861410321358,-16.79457750883351,266.9155779857183
2037,9.131934883661613,-16.796543668300096,266.92857521189495
2038,9.08088147525967,-16.798687441126432,266.9425368955672
2039,9.029969593275679,-16.800659220265302,266.95534365393206
2040,8.978936702447427,-16.802795271663506,266.969367585344
2041,8.928019531704335,-16.804792873839496,266.9823667541846
2042,8.876991247331938,-16.80698022023035,266.99500029956585
2043,8.82609850013655,-16.8090639028785,267.00435613460616
2044,8.77509714311028,-16.811328101423854,267.0148461443321
2045,8.724243470197882,-16.813430494748378,267.01914004239376
2046,8.673290225851803,-16.81568265947915,267.0238866579034
2047,8.622506521137847,-16.817730569674602,267.027446617101
2048,8.571609134765135,-16.819932113173795,267.0310083403716
2049,8.520833275932578,-16.82193876536533,267.03420647700995
2050,8.469942453244396,-16.824113118581568,267.03951919994495
2051,8.41910340319344,-16.826192181153786,267.0448000150488
2052,8.368061115243723,-16.82858207716464,267.0449968357871
2053,8.317063025516843,-16.830921442672867,267.0510671885858
2054,8.266018073797076,-16.833302986886622,267.058184580031
2055,8.215005014603552,-16.83564882807505,267.06891716995926
2056,8.163934491660811,-16.838049135824654,267.0799571775122
2057,8.112929058993647,-16.84046264345309,267.09130260507175
2058,8.061855638382939,-16.84294126448777,267.10097147703846
2059,8.010825831856227,-16.845364218972286,267.10611712767945
2060,7.959735763288647,-16.8478430569675,267.109452172673
2061,7.908696148804234,-16.85024508383347,267.1139060893003
2062,7.85760288928736,-16.85265211262591,267.1188218133303
2063,7.806543897633084,-16.855024374873587,267.1220904169769
2064,7.755421786262878,-16.857454175054635,267.12604966401267
2065,7.704326026583304,-16.859827231772336,267.13261069855685
2066,7.653170973175995,-16.862229937922017,267.13766226361247
2067,7.602080041731129,-16.864540274110915,267.1453798679853
2068,7.550957746151164,-16.866807677360583,267.15399099292455
2069,7.499921426839986,-16.86900787333763,267.1621643420421
2070,7.448836262857211,-16.871249831455977,267.1715719381338
2071,7.397819388582649,-16.873534112657225,267.1729154342125
2072,7.3467411336777015,-16.875899192327836,267.17402649613746
2073,7.295703873927232,-16.878211023572042,267.17284831566786
2074,7.244614373743708,-16.88053728308618,267.17692334651315
2075,7.193547379872119,-16.88277731617289,267.1835602717105
2076,7.142414115328216,-16.885062162260468,267.19256691311534
2077,7.091330471075943,-16.88734556851906,267.2026028515727
2078,7.040190167780237,-16.889711740881808,267.20858646716994
2079,6.989111717758375,-16.892050324543167,267.2136470427507
2080,6.937997152928712,-16.894401068250698,267.21835844527646
2081,6.886978155394308,-16.896733603052397,267.21820648312234
2082,6.835845025372004,-16.89901440499564,267.21923562151704
2083,6.784814810432869,-16.901282953796922,267.21879031014737
2084,6.733681526498465,-16.903538053411996,267.22108629877624
2085,6.682583041241617,-16.905820995769517,267.22432941009
2086,6.631389798242919,-16.908161238587248,267.22600375001787
2087,6.580241678151566,-16.910505389061413,267.23150786472627
2088,6.52902104001091,-16.912855067689964,267.2399221696123
2089,6.477843733580085,-16.915178512239798,267.2477379041517
2090,6.426572053581706,-16.917459444359366,267.25893357816057
2091,6.375356312754417,-16.919706077779963,267.2712953615535
2092,6.324071620518074,-16.921972774921713,267.2818221296965
2093,6.272838480352007,-16.92424694576212,267.2904179298047
2094,6.221546179767899,-16.926535887275616,267.29608306336974
2095,6.170312207022203,-16.928821946764288,267.29888291105266
2096,6.118994669701261,-16.931137804795995,267.303650953112
2097,6.067709910810072,-16.933365577640217,267.3052443765891
2098,6.016332658018004,-16.935627666540242,267.31055197373536
2099,5.964959849286346,-16.937849467841644,267.3163799563012
2100,5.913480026804405,-16.940089213751506,267.3219987735212
2101,5.861934432955546,-16.94199536587938,267.32466834559307
2102,5.81028508417245,-16.94377530062542,267.3246306136818
2103,5.758658341077607,-16.945394683788034,267.33400470477346
2104,5.707004210112244,-16.947148820743273,267.3419216526114
2105,5.655397070813742,-16.94876194518622,267.3452486285989
2106,5.603753656735807,-16.95051911879997,267.34919076127727
2107,5.55210004810206,-16.952119102535136,267.3489070112148
2108,5.500400337340678,-16.95386271808794,267.3487198606857
2109,5.448676327857939,-16.955453356741238,267.3530014750322
2110,5.396909510208893,-16.957226276167063,267.35854645868676
2111,5.3451538481573575,-16.958922354483647,267.364369413256
2112,5.293371618695869,-16.9608092657625,267.3687506368016
2113,5.24163603066032,-16.962519570378475,267.372336121905
2114,5.1898494334885195,-16.96442380694208,267.3790561215203
2115,5.138088984407091,-16.96612640590887,267.38460229111945
2116,5.086283333644409,-16.967981243320406,267.386540487685
2117,5.034474087155728,-16.969672268428937,267.38953066961886
2118,4.982651167940149,-16.971516722503836,267.3905345872166
2119,4.930875906939897,-16.973176806673507,267.3927755560302
2120,4.879124018764586,-16.975000934307772,267.39842331801924
2121,4.827405530726959,-16.976570788142,267.4016459357369
2122,4.775705982361021,-16.978316884145407,267.40214916598995
2123,4.7239887304678225,-16.979824871091914,267.40893471517813
2124,4.67222203643322,-16.981508680487593,267.4150558787411
2125,4.6203875653267685,-16.983038915750583,267.42467667024664
2126,4.568529240268575,-16.98475567474518,267.4366493979942
2127,4.516693490600976,-16.986368696624965,267.4492973664907
2128,4.464854592400804,-16.98815975237346,267.45956953209793
2129,4.413071523088248,-16.989746137022415,267.4657983385739
2130,4.361270901736719,-16.99149859667549,267.4723385375269
2131,4.309420834608067,-16.99304664873746,267.4757224995779
2132,4.257504645871577,-16.99475088713693,267.47801795389165
2133,4.205537885497008,-16.99632287822965,267.4798610776872
2134,4.153519533059255,-16.998061729329144,267.482907453869
2135,4.101519692490266,-16.999625353634755,267.4856164802664
2136,4.049541240855601,-17.001346245924747,267.48950245833953
2137,3.9976098136092686,-17.002832451611628,267.4957965114611
2138,3.9456849900403754,-17.004451405586863,267.5036439573876
2139,3.8937467324901243,-17.00585407042324,267.511821306657
2140,3.841756451438046,-17.00744257497384,267.51764115814876
2141,3.789757676134696,-17.00884817548347,267.52150571697763
2142,3.737746260648616,-17.010438508025178,267.52810847263714
2143,3.685749241397498,-17.011874005696267,267.5327564111814
2144,3.633796678505258,-17.013522314037154,267.5386756174547
2145,3.581849200771861,-17.015029766077326,267.5464421506231
2146,3.529928763091875,-17.01677288538222,267.55141824207107
2147,3.477974937393268,-17.01837397285479,267.5555321956011
2148,3.425975282245943,-17.020122548519858,267.5574277281601
2149,3.3739761348873585,-17.021712556804182,267.5606164553957
2150,3.32196800609117,-17.023413871364617,267.56096396854423
2151,3.270014719690867,-17.025026172935434,267.5604315642396
2152,3.2181231241689634,-17.026884465147603,267.55552809015603
2153,3.1662790317383807,-17.028699869390543,267.5603782114699
2154,3.114413844866705,-17.030566115770327,267.5663657666521
2155,3.062572715547031,-17.03239917034434,267.5753219378373
2156,3.0106831475443703,-17.034288816903807,267.5828788948271
2157,2.9587953695273184,-17.036138730494663,267.5899252158657
2158,2.906857564018118,-17.03803349811166,267.59646633366003
2159,2.854944140851808,-17.039807285379613,267.6050750811237
2160,2.803025552540839,-17.041599028301288,267.6155361318703
2161,2.751132547571906,-17.043336284149156,267.62520457199486
2162,2.6992217857518357,-17.045106308926997,267.6367098830032
2163,2.64727598893248,-17.04682645171696,267.64535691427733
2164,2.595271383147911,-17.048633762148597,267.65342631490273
2165,2.543264735301223,-17.050365310751026,267.65894690399114
2166,2.491193260162627,-17.052167228727228,267.6660289922268
2167,2.43917525311817,-17.05392622402051,267.66926326583047
2168,2.3871280403437405,-17.055742673618745,267.67386824839843
2169,2.3351713993867937,-17.057504077568417,267.67848290841505
2170,2.283225579541218,-17.059297517515937,267.6814584681711
2171,2.2313460897513657,-17.060986978930735,267.68636018404305
2172,2.1794162367713192,-17.062697121023547,267.6919508863689
2173,2.1275420139262553,-17.064314261208725,267.6963111044711
2174,2.075611677395594,-17.065941368166314,267.7013010587269
2175,2.0237298074217644,-17.06752538518414,267.70385822304587
2176,1.9718261728226565,-17.06914792019159,267.71149977588163
2177,1.919995835528602,-17.070744037295583,267.7175316272163
2178,1.868136755452782,-17.072424791886956,267.7279209585399
2179,1.8162962369338842,-17.074092509122657,267.73717858375574
2180,1.7644115965422478,-17.07586337728526,267.74401745691665
2181,1.7125539792373345,-17.077620277134265,267.74798271477016
2182,1.6606799248472466,-17.07938646920567,267.75071198416157
2183,1.6088664172960085,-17.08107786196369,267.750168985026
2184,1.5570444991150343,-17.082784854578506,267.7524766710069
2185,1.5052962636253178,-17.08445270830211,267.75058093028724
2186,1.4535346680805274,-17.086195538063308,267.75199770263856
2187,1.401784037863958,-17.08786964103921,267.75405619066737
2188,1.3499945490837202,-17.089582336165783,267.75927316042856
2189,1.298209849757188,-17.091247248693506,267.7657306648035
2190,1.246367697588595,-17.092958208135816,267.7729212012199
2191,1.1946014677141057,-17.09463236397119,267.7787208213983
2192,1.1427835051953013,-17.096336728602246,267.78376901480107
2193,1.091025143016525,-17.097967915206805,267.79128911954376
2194,1.039220744153053,-17.099613879584986,267.80100782970044
2195,0.9874577791541415,-17.101126320928472,267.8121478020324
2196,0.9356318544109327,-17.10265646467357,267.8225150434129
2197,0.883835577743497,-17.104144458904187,267.8338832198647
2198,0.8320002473954782,-17.10567976709892,267.83998994960297
2199,0.7802296473868637,-17.10723458832952,267.8441577162705
2200,0.7284537222619583,-17.10886004402022,267.84755938537444
2201,0.6765724897508433,-17.11013990682803,267.84752889937334
2202,0.6246343824769737,-17.111359098003426,267.8449378415416
2203,0.5726554581988514,-17.112441028111384,267.8523701548149
2204,0.52075282099863,-17.113667364783314,267.85833932967256
2205,0.46883014129198525,-17.114713998173855,267.8658249885792
2206,0.4169862233759101,-17.1159224146947,267.8729075393168
2207,0.3651333809818268,-17.11692345087066,267.87883071260023
2208,0.31335893438260976,-17.118098997476274,267.8847859203319
2209,0.2615667648656317,-17.11906156142156,267.8874505590696
2210,0.20985759881128027,-17.120188522279868,267.89152666856
2211,0.15814380448676138,-17.12111156942813,267.8946955426962
2212,0.10650994386620609,-17.122197698314114,267.9007228406105
2213,0.05481718944699689,-17.12311609382855,267.9050719234703
2214,0.003166541500345745,-17.124261452151114,267.91133751534784
2215,-0.04851764352940173,-17.125240104311636,267.91530624721304
2216,-0.10012173851927265,-17.12641369827245,267.91941060305106
2217,-0.1517133666290145,-17.127333075237445,267.9241031128724
2218,-0.20320222023671822,-17.128383192619673,267.9292570396933
2219,-0.2547153713538715,-17.12925024264882,267.9312698185397
2220,-0.30616295834008456,-17.130288331739095,267.93542348837093
2221,-0.3576674782605547,-17.131154722997167,267.9375040338223
2222,-0.40913262455717797,-17.13225225769561,267.9420508718538
2223,-0.46065688643130837,-17.133194158319725,267.94496723241025
2224,-0.5121192441315306,-17.134361236364022,267.94910966114344
2225,-0.5635649817487267,-17.13532863971262,267.9499688932877
2226,-0.6149361943997852,-17.13640954182212,267.9532916966662
2227,-0.666316596936332,-17.137250398797818,267.9598465025598
2228,-0.7176375372901693,-17.13819233097983,267.9648454731827
2229,-0.768991047625874,-17.138924385798454,267.9766320832252
2230,-0.8202932712987826,-17.139856696767005,267.9883432056982
2231,-0.8716344674545522,-17.140642230384664,268.00085752690234
2232,-0.9229020136405343,-17.141681511574447,268.01055383705597
2233,-0.9741656490048797,-17.142589319414867,268.0194116576997
2234,-1.0253963483916546,-17.14368786791071,268.0257295223134
2235,-1.0766202550436066,-17.144558573922076,268.0317138354003
2236,-1.127791026875652,-17.14560113003249,268.03403615004925
2237,-1.179050809589863,-17.146423558774984,268.03698480998514
2238,-1.2302208021661563,-17.14742276853773,268.03827453050457
2239,-1.281429621796554,-17.148178985659207,268.0440107144013
2240,-1.3325589621878515,-17.149133980443207,268.0485990715273
2241,-1.3836902501125765,-17.14987990732384,268.0557919452138
2242,-1.4347441081317578,-17.15081846202206,268.06343746242555
2243,-1.485821357154475,-17.151558190143028,268.0692165371738
2244,-1.5368396069426897,-17.15252065862568,268.0750133392451
2245,-1.5879048290072653,-17.153301055406864,268.07853966850905
2246,-1.6388986237382113,-17.154269216144954,268.0830782808423
2247,-1.6899365851824288,-17.15498442220305,268.0904380523334
2248,-1.7409176233876396,-17.155902686752217,268.09856441590483
2249,-1.791926254275535,-17.156670792521965,268.10307054278917
2250,-1.842869821549793,-17.157605587885858,268.10730023601695
2251,-1.8937716071423818,-17.158415801355865,268.1077312412197
2252,-1.9445403314825385,-17.159507770819395,268.1077204973204
2253,-1.9952539359002655,-17.160540368835814,268.1046422548952
2254,-2.045932794964313,-17.16162894503661,268.1044391384363
2255,-2.0965832251303276,-17.162706175384944,268.1075927238632
2256,-2.1472036448605847,-17.16385318260756,268.1110855457844
2257,-2.1978008323470317,-17.16499136860938,268.11626425990534
2258,-2.248412481511381,-17.16615140924293,268.12151512251995
2259,-2.298976530631905,-17.167234382339338,268.13046630612706
2260,-2.349546819857978,-17.16832253882012,268.13630173437866
2261,-2.4000567391835217,-17.169342702236676,268.1440077996339
2262,-2.4505604014368276,-17.17042552227729,268.1539705756394
2263,-2.5009939100700276,-17.171441060095283,268.1629887223863
2264,-2.551386023619669,-17.17255417808263,268.17254013211414
2265,-2.6017524496033317,-17.173595162609836,268.1831706258272
2266,-2.652120231710147,-17.174646521006313,268.1903788449622
2267,-2.702440801583154,-17.175605712201495,268.19694479315353
2268,-2.7527661039502695,-17.17657950602397,268.20456486637283
2269,-2.8030608674904807,-17.17748244763687,268.2103318570359
2270,-2.8533352831238803,-17.178464079651697,268.2164115237036
2271,-2.903591930998986,-17.179412493036544,268.22385372829433
2272,-2.953820852881713,-17.180444272125566,268.2317132739391
2273,-3.00398382403539,-17.181357948156695,268.2433042735312
2274,-3.0541090321886952,-17.182283503368723,268.2568540800785
2275,-3.104124587059792,-17.183057850501292,268.27486139974565
2276,-3.154094468818084,-17.183812874734315,268.29259222899015
2277,-3.203948733503255,-17.1845083689418,268.31464273549204
2278,-3.253768285556217,-17.185225720147855,268.3354340258308
2279,-3.3035176791414473,-17.1858910079265,268.3583699248571
2280,-3.3532558831957906,-17.186569621815565,268.38453931982696
2281,-3.402929316917822,-17.18714400155295,268.4150959671978
2282,-3.452593268684946,-17.18771065276168,268.4494625148421
2283,-3.502187526144452,-17.18816289081947,268.4912503743611
2284,-3.551738141646116,-17.18863609199844,268.5336938120231
2285,-3.601219541543151,-17.188981511312896,268.57988556288217
2286,-3.6506313392374476,-17.18932340008777,268.63001626350587
2287,-3.699965973645587,-17.189517658659618,268.683558243313
2288,-3.7492267872051506,-17.189696135916762,268.73606991562787
2289,-3.79840958429652,-17.189735732397473,268.79246254946725
2290,-3.8475263215872717,-17.18975634522601,268.85039234996367
2291,-3.89656758862497,-17.189605979742375,268.91338644826584
2292,-3.945466202171856,-17.1894296444774,268.9809715504558
2293,-3.9942031195442045,-17.189141572171046,269.05601436359655
2294,-4.042849952285404,-17.18881261897763,269.1339242703066
2295,-4.091444471879169,-17.188380884873638,269.21868475861066
2296,-4.1400044715338264,-17.187901903866063,269.30625601702064
2297,-4.188516090677001,-17.18723968588173,269.3979953955934
2298,-4.237003031772147,-17.186508079974168,269.49781305555206
2299,-4.285409794358256,-17.185577548081987,269.60232083235746
2300,-4.333811928674198,-17.184520155026902,269.71014219147816
2301,-4.382377149221205,-17.18318251050097,269.8223775818055
2302,-4.430963484811713,-17.181727177114524,269.93434490270346
2303,-4.479589385507263,-17.18005549462923,270.0469014487954
2304,-4.528028138784027,-17.17834618014223,270.16001691243287
2305,-4.576486125013805,-17.17642017494216,270.2738180416284
2306,-4.624738666463448,-17.174490493247234,270.3910280351052
2307,-4.672994798791464,-17.172339760326995,270.5128342898608
2308,-4.721073564996458,-17.170166103751306,270.63652908228835
2309,-4.769135071231898,-17.167764506861662,270.7710679321714
2310,-4.817014174661725,-17.165266687581124,270.90987627365365
2311,-4.864839754249722,-17.162518857183315,271.0544173049384
2312,-4.912442477599744,-17.159628420599475,271.2055006831016
2313,-4.959996947688444,-17.156471128871523,271.362781852726
2314,-5.007341617405759,-17.153193349097712,271.52318352784266
2315,-5.0547056897429705,-17.149674372326903,271.6908769477786
2316,-5.101882591635175,-17.146064610590628,271.861934302997
2317,-5.149080698251948,-17.142225204414036,272.0375389727539
2318,-5.196125427219041,-17.13828203035368,272.22050931007135
2319,-5.243192639471848,-17.134090905117695,272.4054843734417
2320,-5.29008264436136,-17.129754229344012,272.59655535533506
2321,-5.336986383784992,-17.12513176526668,272.7908171454068
2322,-5.383726901244053,-17.12037471149778,272.98829222221
2323,-5.4304292412307875,-17.115454036351146,273.18880005166557
2324,-5.476946107441338,-17.11041942221096,273.3919820567381
2325,-5.523418038590022,-17.105201545847684,273.59614220143635
2326,-5.569670064492576,-17.099831357667558,273.8004840716627
2327,-5.615874011648316,-17.094182954289806,274.00704611389654
2328,-5.661862411572987,-17.08834344891872,274.2186551579149
2329,-5.7078104356273,-17.082226910982158,274.4356056991934
2330,-5.753558348501114,-17.07599257925508,274.6575888650294
2331,-5.799326009388119,-17.069564298223526,274.8819008752159
2332,-5.844885186033985,-17.063093821918553,275.10632683443924
2333,-5.890449526612604,-17.056369669835668,275.3356009999281
2334,-5.935814292885215,-17.049491141260603,275.5699973598236
2335,-5.9811387220684695,-17.042294571423508,275.80918958405385
2336,-6.026231660181346,-17.03487665292793,276.05228745616387
2337,-6.071277030971868,-17.02713545771543,276.3036030159337
2338,-6.116095821336348,-17.019206051212848,276.5577189978551
2339,-6.160834536203827,-17.01101042072407,276.8163768596158
2340,-6.205368695830397,-17.002637903496087,277.07825892338053
2341,-6.249853263039181,-16.994022626366323,277.3450371781479
2342,-6.294093103948864,-16.98527229169919,277.6110711437988
2343,-6.338285142426369,-16.97625710029169,277.8778900466329
2344,-6.382223215031124,-16.967028948314386,278.1486709278204
2345,-6.426088613250666,-16.957457312310584,278.4250296093099
2346,-6.4696954270225415,-16.94764793016568,278.7040907974752
2347,-6.513254115995163,-16.93751233641955,278.9913977239516
2348,-6.556551860938548,-16.9272072467934,279.2817259428516
2349,-6.59982389044211,-16.916641000590154,279.57612276138934
2350,-6.642837793598589,-16.90593622074732,279.87292242477133
2351,-6.685387080964616,-16.89525548565419,280.180049244225
2352,-6.727460765397659,-16.884590923193667,280.4839003948013
2353,-6.769201613095817,-16.873746775793855,280.7937326415993
2354,-6.810882333274704,-16.86254766676087,281.1079353852805
2355,-6.8522326841599375,-16.85117081024708,281.4247446279426
2356,-6.893523623762526,-16.839458695272306,281.7430663435827
2357,-6.934510819652915,-16.827599063702927,282.06755730118806
2358,-6.975459615080219,-16.81538541881514,282.3895661730851
2359,-7.016078429023883,-16.803023436827466,282.713881769845
2360,-7.056647875964335,-16.790280117906313,283.03989701958983
2361,-7.096871145505327,-16.777399054292975,283.3693729095692
2362,-7.137038767944649,-16.76414979682078,283.70175786215947
2363,-7.176862479249297,-16.750783198413878,284.0405267916759
2364,-7.216617208847234,-16.737084090238703,284.3802571956617
2365,-7.256047427506579,-16.72331724619616,284.72758670575246
2366,-7.295408676578275,-16.70919065792134,285.07523027000764
2367,-7.334390447489146,-16.694949658073476,285.4270397344665
2368,-7.37330133400041,-16.68029710460699,285.7814569704363
2369,-7.411808801141852,-16.665442605854203,286.1407482829849
2370,-7.450235791645307,-16.65016974407784,286.5027185094256
2371,-7.48832845598103,-16.634813096877288,286.8708429065598
2372,-7.526383455480793,-16.619097753955543,287.2426741645578
2373,-7.564120546507498,-16.603391253556183,287.62420774531
2374,-7.601842142100225,-16.58744421571985,288.00333314853896
2375,-7.639200423938384,-16.57144651562667,288.3892475698526
2376,-7.676483648783538,-16.55513493281317,288.77413113374365
2377,-7.713369796164548,-16.53864601040467,289.1588981687196
2378,-7.75013002163315,-16.521756810013684,289.54631812929176
2379,-7.78644406319425,-16.504676069763565,289.9338601418688
2380,-7.822630017166381,-16.487178281665177,290.322580787866
2381,-7.858371845047911,-16.46948741526024,290.7159922652363
2382,-7.8939556997310625,-16.451444107120096,291.11395921120453
2383,-7.929142171549683,-16.433295862665105,291.5122360245807
2384,-7.964241938743829,-16.414811425635417,291.91269189173306
2385,-7.998949733023176,-16.396255969139304,292.31400385166216
2386,-8.03359947214303,-16.377363561890046,292.71229936451164
2387,-8.067840117747755,-16.358373770130385,293.10502760796
2388,-8.102024140666236,-16.339069609658814,293.495217014933
2389,-8.13581396076232,-16.31967919041297,293.88144453464656
2390,-8.16950114330178,-16.299965840009165,294.26833373928514
2391,-8.202778951163848,-16.28020620048391,294.6527823246527
2392,-8.23595997497673,-16.260162313469266,295.0391900200006
2393,-8.268739959603765,-16.240078799993913,295.42745178410144
2394,-8.301429350599005,-16.219695892817114,295.8194224676629
2395,-8.333717922975346,-16.199287060040035,296.2151573232719
2396,-8.365894174663707,-16.17852901784522,296.6114776789833
2397,-8.397666598569822,-16.157713324108613,297.005930199228
2398,-8.429337662268553,-16.13653435717804,297.39842646447147
2399,-8.460611507922009,-16.11529386734081,297.78593879865343
2400,-8.491805522883537,-16.093753711615285,298.168782443481
2401,-8.522783111981928,-16.07249217187266,298.55275679252424
2402,-8.5537846968251,-16.0510104045658,298.9276203614878
2403,-8.584550454397144,-16.029595925004198,299.30048747585437
2404,-8.615131345358064,-16.007888678899253,299.67334810048925
2405,-8.645430237841563,-15.986252431748103,300.050370365429
2406,-8.67553503019982,-15.96430132515976,300.4270342175417
2407,-8.705340631977855,-15.9424400449658,300.804766887938
2408,-8.734985724037621,-15.920265000393632,301.18114307065844
2409,-8.764348713396025,-15.898203647874485,301.55531780659004
2410,-8.793535495213833,-15.875828512042393,301.9258404393996
2411,-8.822409201640914,-15.853511425381583,302.29479863261196
2412,-8.851099826594854,-15.830889366372315,302.663565027643
2413,-8.879515369420638,-15.808353409136785,303.0323244131626
2414,-8.907725604411699,-15.785470952517816,303.40043985615
2415,-8.935635732621373,-15.762676656825281,303.76836153160167
2416,-8.963373671971748,-15.739600246168159,304.1347858846253
2417,-8.990803472025766,-15.716621698912508,304.4993108302542
2418,-9.018031149134824,-15.693325388104316,304.86369176311166
2419,-9.04494377059826,-15.67009484868449,305.22678885807136
2420,-9.071685418744417,-15.646555817421884,305.5903272622595
2421,-9.098129153659594,-15.623072421940488,305.9512320875119
2422,-9.12439990349303,-15.59929503073571,306.31203822856475
2423,-9.150386449179576,-15.575625032627968,306.67091108467173
2424,-9.176205562739057,-15.551676107692053,307.0313365926777
2425,-9.20174369218669,-15.527843827839249,307.38655087803073
2426,-9.227125937762413,-15.50373830789108,307.7455653567596
2427,-9.2522275094743,-15.479743971932168,308.09981064136724
2428,-9.277162211383649,-15.455468054337105,308.45439491341153
2429,-9.301802764242991,-15.431295660841062,308.805081464184
2430,-9.326279421317858,-15.406802392183955,309.1569561761309
2431,-9.350469963069596,-15.382380810442772,309.50282382278846
2432,-9.374466279869743,-15.357671000972598,309.85330739976706
2433,-9.398206460272956,-15.333054661255865,310.1971391008049
2434,-9.421775913375868,-15.308196688254228,310.54193938018693
2435,-9.445089608196609,-15.283487327695118,310.88668087117514
2436,-9.468257002900476,-15.258528050692426,311.23290729930477
2437,-9.491151799884106,-15.233713147906869,311.5769580012628
2438,-9.513903867026826,-15.208637499585809,311.92345841121147
2439,-9.536352284986037,-15.183698373088482,312.2693586396777
2440,-9.55865760589673,-15.158498885273033,312.6133494236439
2441,-9.580680495679452,-15.133386235319243,312.95174365131203
2442,-9.602555140235683,-15.108003962593884,313.2889905218905
2443,-9.624236271229323,-15.082542692566062,313.6253226358085
2444,-9.645875888372588,-15.05661392229313,313.9636300517406
2445,-9.667363216158032,-15.030628145837369,314.3067076393786
2446,-9.68876196813567,-15.004345846659726,314.64912823901267
2447,-9.709875794882171,-14.978298383985198,314.9919080873233
2448,-9.730837248649314,-14.952071236175065,315.3339653374598
2449,-9.7514762553543,-14.92599593470283,315.6726830576988
2450,-9.77191944587472,-14.899686460232234,316.0121283858334
2451,-9.792045565349339,-14.873663333428992,316.3597819157133
2452,-9.811973524812604,-14.847291693848563,316.6953950819852
2453,-9.831654900124407,-14.820976348820416,317.02677267080793
2454,-9.851237176645984,-14.794289594972792,317.35852858047036
2455,-9.870685286656583,-14.767481482870329,317.6932537860748
2456,-9.890091659826046,-14.740323897052756,318.0292052781099
2457,-9.909309281012778,-14.71330887166226,318.36626376521104
2458,-9.928399908961932,-14.68614221452756,318.7031413769987
2459,-9.947215203918327,-14.659136576822096,319.0389633269867
2460,-9.965821480182903,-14.631966139840436,319.3759077403657
2461,-9.984121265343692,-14.604877889875553,319.713319432477
2462,-10.002248140560932,-14.577608906263977,320.05053566580995
2463,-10.020227279552328,-14.550287249368655,320.38514243267394
2464,-10.038151124106788,-14.522602774502015,320.721332365956
2465,-10.055992472987361,-14.494905343541289,321.05937458268943
2466,-10.07377002227257,-14.466979528878175,321.39871524975285
2467,-10.091270573405758,-14.439224092138272,321.7383725721934
2468,-10.108616539830592,-14.41132020232321,322.0768312323272
2469,-10.125635014027331,-14.383544241116875,322.41484571792387
2470,-10.142424447628235,-14.355580108856778,322.7525297523068
2471,-10.158968824079617,-14.327592934599117,323.0926029417464
2472,-10.175415665099903,-14.299283087958237,323.4348532043068
2473,-10.191733355689394,-14.270930365971282,323.7815226196844
2474,-10.207946928984665,-14.242319831755232,324.1286632226674
2475,-10.223923534604978,-14.213811764448696,324.4780118654551
2476,-10.23971157608804,-14.18514921019734,324.8284584176874
2477,-10.255153106897408,-14.156596355136248,325.179591230852
2478,-10.27039590567565,-14.127847987865898,325.5290503623571
2479,-10.285392790486615,-14.099117336409261,325.88261318766274
2480,-10.300267231556258,-14.07010339761221,326.23547212366213
2481,-10.314962060840502,-14.041036874682465,326.5884221743981
2482,-10.329574618653524,-14.011734275024303,326.94271113666866
2483,-10.34395208724636,-13.98255389278469,327.2947874694706
2484,-10.358167620919115,-13.953207262761474,327.64640788849044
2485,-10.372046720919082,-13.923985549934782,327.99919336136816
2486,-10.38570384694886,-13.89456685587879,328.3521361521788
2487,-10.399011853070679,-13.865184542553932,328.7069536465948
2488,-10.412157115930915,-13.835547069441116,329.0638808210398
2489,-10.42509722850425,-13.80591471975267,329.4234679919897
2490,-10.437904022901014,-13.776041980949358,329.78445979555124
2491,-10.450413591217673,-13.746250375129103,330.14706284424585
2492,-10.462789994057957,-13.716317952455508,330.5076121367911
2493,-10.474802986191168,-13.686537722467712,330.87151740784464
2494,-10.486563419474846,-13.656597961794414,331.2348230038275
2495,-10.49797748387787,-13.62673945717997,331.602198650692
2496,-10.50916070194467,-13.596675684232803,331.97170815851774
2497,-10.5200682198111,-13.566664779439392,332.3484773635637
2498,-10.530844850585002,-13.536443407149942,332.7276681722992
2499,-10.541389752754892,-13.50636590967393,333.10852304495785
2500,-10.551796987216497,-13.476159592078634,333.49122331948297
2501,-10.562145013995714,-13.446468688292573,333.88998338737923
2502,-10.572371874382853,-13.416694379354961,334.2696694861648
2503,-10.58239196537627,-13.387121371133631,334.64975277675745
2504,-10.592123268793161,-13.357256608588461,335.0285392982227
2505,-10.601689156695075,-13.327550177528757,335.40522105953465
2506,-10.610980876246186,-13.297501801678916,335.78398485991687
2507,-10.62011196731221,-13.267633706619957,336.16234635927754
2508,-10.628921506914834,-13.237548823807398,336.54417052265194
2509,-10.637508572029967,-13.20774241417826,336.93262779987447
2510,-10.645758449666591,-13.17775340740869,337.324747315392
2511,-10.653790304147572,-13.148030167824778,337.7200571262691
2512,-10.661528075021486,-13.118057551437298,338.11747780282593
2513,-10.66912775038419,-13.088223797680465,338.51803619857
2514,-10.676474951730802,-13.05810677078427,338.91839374143603
2515,-10.683682890500435,-13.028172935105895,339.31818112070454
2516,-10.690600646789388,-12.998029323838345,339.71445868751306
2517,-10.697291516040005,-12.968188901898145,340.108505712883
2518,-10.703644011355843,-12.938206145169824,340.50047793718363
2519,-10.709745631160002,-12.908497518469524,340.8883962384126
2520,-10.715493459157406,-12.878582021084352,341.2757386055421
2521,-10.721033936046064,-12.848803393448712,341.66543028984404
2522,-10.72625779029425,-12.818745899733848,342.06058877124804
2523,-10.731273921378454,-12.788896195827572,342.46094843153975
2524,-10.73599969304366,-12.758864242706661,342.8642909641839
2525,-10.740540455092795,-12.729166220248274,343.27409120691283
2526,-10.744741489507811,-12.699328416035524,343.6838327915823
2527,-10.74872773049748,-12.669808245987944,344.09392541920954
2528,-10.752396281157226,-12.640060175862732,344.5039371660335
2529,-10.755890112497314,-12.61044522956483,344.91119091939873
2530,-10.759097583709197,-12.580546087848063,345.3197596559152
2531,-10.762186665006341,-12.55085765662313,345.722404847161
2532,-10.765014218135413,-12.52100400403515,346.12462733002235
2533,-10.767662554560538,-12.49152162377875,346.5211537955278
2534,-10.770014279342051,-12.461932310381647,346.9168367062989
2535,-10.772161428280251,-12.432688894401121,347.3115050772531
2536,-10.774017877253778,-12.403260159411658,347.7066041078758
2537,-10.775660384772088,-12.373995824491006,348.1083584464779
2538,-10.777027818645587,-12.344461253786664,348.5112675410219
2539,-10.778258687645534,-12.315157993779534,348.92120532165717
2540,-10.779220014141032,-12.285692094634175,349.3341686382428
2541,-10.779996492203999,-12.256609543449192,349.7518142457558
2542,-10.780453686280255,-12.227463970357508,350.1670373444256
2543,-10.780644081607932,-12.198700243859314,350.58588484774845
2544,-10.780484764405466,-12.169852762705872,351.0064380011075
2545,-10.780084411158587,-12.141307378187646,351.4279213938639
2546,-10.779366396667537,-12.112570963470302,351.8504208233024
2547,-10.778474053090656,-12.08403077969329,352.27830935885
2548,-10.777325700367003,-12.055298610301868,352.7060087687703
2549,-10.776050275631862,-12.026862237800724,353.13578874249305
2550,-10.774535944171681,-11.998340700006398,353.56394767186225
2551,-10.773089404326223,-11.97038828598193,354.003829888751
2552,-10.771385333179675,-11.942272240323408,354.4283266547424
2553,-10.76946794349775,-11.914437605888402,354.8492067993832
2554,-10.767201932001353,-11.886458841021005,355.26901209303315
2555,-10.76480963138494,-11.858666661423111,355.68552641053356
2556,-10.76208942043276,-11.830726012971116,356.1024160343998
2557,-10.759298068156838,-11.803028051048791,356.51677547104515
2558,-10.756198451758209,-11.775275277006338,356.9324947268461
2559,-10.753003804938812,-11.74788093912138,357.34996012435977
2560,-10.749481507131597,-11.720464925695747,357.76823945524944
2561,-10.745824018752577,-11.693365141319976,358.1925871812627
2562,-10.741837248159854,-11.66620016306533,358.61822392724713
2563,-10.737749939032222,-11.639244020763513,359.0508019542709
2564,-10.733387575650276,-11.612185316878497,359.48428195732174
2565,-10.72899726813282,-11.58541898427418,359.9158760473848
2566,-10.724357192786044,-11.55860978184642,0.34666094358300437
2567,-10.719603443051952,-11.532163498375242,0.7691525709756639
2568,-10.71457100334464,-11.505714576663983,1.1904630687645805
2569,-10.709348659131706,-11.479585622824281,1.6030117258509313
2570,-10.70380688065568,-11.453390567816204,2.0179950138579956
2571,-10.69810571226281,-11.427442499890038,2.428184661955109
2572,-10.692108832672712,-11.401365023289838,2.8403431294132906
2573,-10.686021393384193,-11.375561785592401,3.2529039577346195
2574,-10.679673938386665,-11.34968596394586,3.665704798539621
2575,-10.67326154096613,-11.324195962820824,4.074521731807876
2576,-10.666547360697795,-11.298687811961011,4.48567486598953
2577,-10.659722249798007,-11.273518943193888,4.8941776945544095
2578,-10.652555176508878,-11.24828161193884,5.303231220814293
2579,-10.645317658742131,-11.223250539145486,5.71149376891249
2580,-10.637797391116058,-11.198104485159073,6.122844552337689
2581,-10.630286794502272,-11.173181607033305,6.529906041483821
2582,-10.622524873971477,-11.148200162186765,6.938893246970019
2583,-10.61472235579147,-11.12355301486328,7.346008945056561
2584,-10.606633730771676,-11.098898311790615,7.751333443063272
2585,-10.598470751664534,-11.074580842703202,8.153323757966342
2586,-10.589999607811004,-11.05021748685752,8.554695475643188
2587,-10.581463959032641,-11.026105013127028,8.954739174472419
2588,-10.57265340870016,-11.001897321335672,9.355766125504728
2589,-10.563844904065519,-10.977956141496314,9.756558264618436
2590,-10.554826297294824,-10.953939610080393,10.159920098384138
2591,-10.545781181285678,-10.930279486438222,10.561766132820198
2592,-10.53651948428939,-10.906584358778117,10.963121364418688
2593,-10.527176532611266,-10.883243593940115,11.362316816672887
2594,-10.517523037214685,-10.85985627094961,11.760541870227597
2595,-10.5077757160322,-10.836774444168634,12.15902284855853
2596,-10.49771021612155,-10.813626416811909,12.555406449364432
2597,-10.487591835891319,-10.79073411570737,12.95042141768621
2598,-10.47722838033297,-10.76777848974033,13.344986500589263
2599,-10.466876502115525,-10.74512401051584,13.74075808765065
2600,-10.456321383575508,-10.722434196704459,14.136620826909597
2601,-10.446079821553019,-10.699940564129722,14.531359200273597
2602,-10.435641157513379,-10.677256030743242,14.9246141903503
2603,-10.42519793064651,-10.654722639953583,15.320982275177746
2604,-10.414432176731669,-10.63225557123757,15.711566573810638
2605,-10.403725829251846,-10.609905560224155,16.102641909953267
2606,-10.392714018364781,-10.587640554347603,16.491779011877707
2607,-10.381779090813518,-10.565510186288407,16.87832212808914
2608,-10.37053749885587,-10.54349712997287,17.265665621153182
2609,-10.359331296986053,-10.52165668587956,17.646147905979298
2610,-10.34782059638641,-10.499924098784351,18.03227052970528
2611,-10.336344111537393,-10.478345115801826,18.41474799076675
2612,-10.32451208852464,-10.456860452269087,18.800074625679336
2613,-10.312800366602866,-10.435521699823003,19.184370305756644
2614,-10.300767071403378,-10.414285392195904,19.56878982003606
2615,-10.288826179211794,-10.393196728183938,19.95069849296085
2616,-10.276543806969578,-10.372227255188319,20.33530258910886
2617,-10.264314118718124,-10.35144125112,20.715664228284705
2618,-10.251712805458682,-10.330762346660288,21.09817485223545
2619,-10.239170123014228,-10.31022558527448,21.479655005812713
2620,-10.226273840244213,-10.289786116092236,21.862360298675487
2621,-10.213499412229057,-10.269484023952696,22.24501239368585
2622,-10.200391288237446,-10.249278693055121,22.62593351899332
2623,-10.187377080924712,-10.229242530624402,23.005861543765842
2624,-10.174047986421332,-10.20930148290244,23.384535570314647
2625,-10.160769690182507,-10.189489816241355,23.761707045777225
2626,-10.14717802648354,-10.169746503193455,24.137213898623184
2627,-10.133667564142527,-10.150090370410378,24.515302910834773
2628,-10.119873584805498,-10.130484619018873,24.8934684296612
2629,-10.10621265096612,-10.110992251990904,25.272492808676965
2630,-10.092264365659181,-10.091554113261996,25.652794744010706
2631,-10.078386100662659,-10.072249298753034,26.031280872684743
2632,-10.064180715493276,-10.053015519489447,26.409860775015414
2633,-10.049983241648231,-10.033935510017498,26.787684190745065
2634,-10.035454021783975,-10.014930531020521,27.16416729040495
2635,-10.020996069281715,-9.996052441588553,27.53982147115927
2636,-10.006217611191193,-9.977267877925293,27.91409764202968
2637,-9.991574823587372,-9.958613460601882,28.28783526777778
2638,-9.976625164341186,-9.940048766320743,28.66345097635295
2639,-9.96169891427713,-9.921618042407466,29.038938936718097
2640,-9.946444224274252,-9.903262764744436,29.4151247810133
2641,-9.931244108835969,-9.885019016629624,29.79320814345251
2642,-9.915742199642725,-9.866837556700437,30.170374897694526
2643,-9.900314276117316,-9.848785939366353,30.544624058668223
2644,-9.884591334605082,-9.830819624602299,30.91932320103739
2645,-9.868923737217942,-9.812987366990319,31.289578603795082
2646,-9.852915254826167,-9.795264138752266,31.658758714859424
2647,-9.836932416371742,-9.777711106979524,32.027848580245056
2648,-9.82062302734042,-9.76027432739409,32.39651139521473
2649,-9.804422302675762,-9.742977139426694,32.76882325901244
2650,-9.787931444006679,-9.725760287605489,33.13772435047667
2651,-9.771817826319388,-9.708482944820817,33.50706785994594
2652,-9.755443143412231,-9.691173289906718,33.87653495331794
2653,-9.739141506945522,-9.673871219932854,34.249607401496235
2654,-9.722494883171343,-9.656676381321809,34.61973802552906
2655,-9.705952785103811,-9.639518183794538,34.98927403733138
2656,-9.68908275367429,-9.622507356117653,35.35856994255265
2657,-9.672326805044511,-9.605534912309334,35.723288143057395
2658,-9.655234694208954,-9.588732477985792,36.08718019253411
2659,-9.638207024067194,-9.571960671388993,36.4492207702881
2660,-9.620841172683757,-9.555346943025546,36.81227215971643
2661,-9.603584025659895,-9.53876210670458,37.17581619341518
2662,-9.586020875930487,-9.522344680286729,37.5408262995978
2663,-9.568565624642961,-9.505943593758335,37.90768053189512
2664,-9.550785012870527,-9.489722208933442,38.274132870145365
2665,-9.533077024583243,-9.473507240617696,38.646932726593874
2666,-9.515022526834173,-9.457465948025263,39.02015190550016
2667,-9.497037616744967,-9.441428093665566,39.392009602707866
2668,-9.478713816448897,-9.425555099331012,39.762994336902466
2669,-9.460477679395183,-9.409733740814385,40.1332125069209
2670,-9.4418930550486,-9.39408853689378,40.504127955208375
2671,-9.423397008933634,-9.37850237385133,40.87120258373343
2672,-9.40454055157969,-9.363118861414147,41.24048397344314
2673,-9.385744356266615,-9.347781810088941,41.60966956640878
2674,-9.366537369557683,-9.332635802374957,41.98255498992892
2675,-9.34741222530514,-9.31753576820346,42.35598671187161
2676,-9.327939679627775,-9.302638913231984,42.731954180688646
2677,-9.308616686823799,-9.287809538508927,43.105278635922005
2678,-9.288985254170703,-9.273186995812324,43.47998949449411
2679,-9.2694978747602,-9.258633074971018,43.85508725131327
2680,-9.24969775444511,-9.244276827265876,44.22872809643453
2681,-9.229979036664425,-9.229933130135864,44.602028894454605
2682,-9.209927884501743,-9.215790879677398,44.977708346028244
2683,-9.189988760957624,-9.2015977208105,45.35218181671023
2684,-9.169705268178248,-9.187601588931855,45.729736518524604
2685,-9.14959120838324,-9.173638816904777,46.10723597644614
2686,-9.12917779803638,-9.159911588277676,46.48481943112854
2687,-9.108914624078064,-9.14627952327407,46.8610361508637
2688,-9.088318648530144,-9.13291085940289,47.238671278737925
2689,-9.067803355644285,-9.119621425573653,47.615357412925825
2690,-9.046942048966317,-9.10652983844901,47.99368055924688
2691,-9.02622804949936,-9.093479936148825,48.373013556781785
2692,-9.00519716319636,-9.08061647237393,48.749607258461815
2693,-8.984324720311383,-9.067819594181108,49.12291040451075
2694,-8.963131124680176,-9.055264028960552,49.49951683797886
2695,-8.942068048933889,-9.042815004773844,49.87422462957588
2696,-8.920657592365183,-9.030609002419455,50.25111002170046
2697,-8.899382479068477,-9.018488446223518,50.62709988056391
2698,-8.877785912472781,-9.00656705190748,51.00861286213244
2699,-8.85633911325789,-8.994688540038041,51.38923727339838
2700,-8.83461652173775,-8.983007683947925,51.769455937636586
2701,-8.813370500251825,-8.971072252679868,52.149365846166596
2702,-8.791789357587636,-8.959233953459051,52.52775241270248
2703,-8.770377918162918,-8.947326177163962,52.90780415062343
2704,-8.748567429502506,-8.935759805230049,53.286806025769515
2705,-8.726943008452363,-8.92411882727486,53.668715969021086
2706,-8.704981649576409,-8.912833672483401,54.052183528730104
2707,-8.683216154149363,-8.901520476134753,54.435430760437406
2708,-8.661113044652792,-8.890593310167617,54.8177395295168
2709,-8.639186585042617,-8.87965069266579,55.19922172200514
2710,-8.61689982084122,-8.86908785234844,55.582472026623975
2711,-8.594828737180586,-8.858478238495946,55.96134943090431
2712,-8.57241127009642,-8.848225735369327,56.341582162134884
2713,-8.55020614353925,-8.837885151788909,56.72373645050964
2714,-8.52770179852801,-8.827888176099734,57.1067378142001
2715,-8.505405049430593,-8.817845195310177,57.49155771790951
2716,-8.482787214241792,-8.808141308843828,57.874574011111314
2717,-8.46038263578115,-8.798362600973565,58.25972671361169
2718,-8.437634869693897,-8.788914191452028,58.64060328758079
2719,-8.415098716989855,-8.779381104995743,59.022965835797216
2720,-8.392236077939948,-8.770200665400983,59.401296116297345
2721,-8.36955134431137,-8.76098448017774,59.77929899421713
2722,-8.346503976807657,-8.752144932128349,60.15626458341966
2723,-8.323697715638923,-8.743326518401723,60.53404911649318
2724,-8.300525430893128,-8.734884442837888,60.913715411780686
2725,-8.277602458299882,-8.726407959700348,61.29598431950458
2726,-8.254345232253284,-8.718295906353648,61.679018324109975
2727,-8.231328056971273,-8.710147316853178,62.06357860987094
2728,-8.207978569709807,-8.70234670522356,62.44630222540575
2729,-8.184844567872187,-8.694528542670236,62.83173763512494
2730,-8.161359785814973,-8.687098511465335,63.21655480214191
2731,-8.138073333435994,-8.679674776060631,63.60331242121193
2732,-8.114437401212884,-8.672635499454232,63.98851229894305
2733,-8.091022749749557,-8.66557780013726,64.37368592178677
2734,-8.067261946336803,-8.658870741388593,64.7600900896418
2735,-8.043720289516834,-8.652084995393787,65.14557386699636
2736,-8.019851628867013,-8.645604534959556,65.53163149644062
2737,-7.996220670307365,-8.639043590845972,65.9153504048413
2738,-7.972255100782006,-8.63282486607622,66.29906022635302
2739,-7.948516383149701,-8.62656497718729,66.6826941631514
2740,-7.924416488353637,-8.620682609093292,67.06715814142558
2741,-7.900531368804327,-8.614709927824372,67.45100221378432
2742,-7.8762994840810014,-8.609101016786271,67.83724985754804
2743,-7.85228843413594,-8.60340791164923,68.22462771503805
2744,-7.827955132245634,-8.598057281474974,68.61388615113205
2745,-7.803850749760534,-8.592641024289724,69.00247708242736
2746,-7.779427714691907,-8.587612324099196,69.39116985948272
2747,-7.755222610674044,-8.582544990732725,69.77915433808232
2748,-7.730677165797473,-8.577866124806263,70.16584241373359
2749,-7.706288030171927,-8.57318069247065,70.55003730373436
2750,-7.681527065938132,-8.568879739445977,70.93627239783225
2751,-7.657822931264063,-8.564048784974773,71.32205077954379
2752,-7.634012603300276,-8.559408139604768,71.71062690835902
2753,-7.610736895682571,-8.554581844656868,72.10079007130034
2754,-7.586846929719959,-8.55031818280862,72.49093415091005
2755,-7.563521428508022,-8.54589420685011,72.88329301409331
2756,-7.539554015673178,-8.542049234649658,73.27780280293828
2757,-7.516120187004527,-8.537977019564751,73.67206341591522
2758,-7.492037224963315,-8.534457010061804,74.06204752244346
2759,-7.468485964997809,-8.530675704338075,74.45027993326427
2760,-7.444293194550382,-8.527451834917523,74.83391745542342
2761,-7.42061415118439,-8.524064613150296,75.21642967630675
2762,-7.396291640107798,-8.52125167329098,75.60074704686004
2763,-7.372527862676979,-8.518274535333386,75.98301932797703
2764,-7.348116215891872,-8.515834496982018,76.36930273732186
2765,-7.324277365713267,-8.513141453458022,76.75175849655488
2766,-7.299787704883779,-8.510922557849867,77.13404266814021
2767,-7.275897303846804,-8.508412745780007,77.51347635336379
2768,-7.251355595277363,-8.506382385719311,77.88927877936588
2769,-7.227338506403198,-8.504110461801082,78.25768876170451
2770,-7.202661598778607,-8.502355867256355,78.62163714930226
2771,-7.17852789058481,-8.500337350873924,78.98073652176983
2772,-7.153759859725368,-8.498845502635287,79.33672368300674
2773,-7.129570807406476,-8.497073184387379,79.68896137729743
2774,-7.104740992351851,-8.495777113444321,80.04202431846277
2775,-7.0804851797504975,-8.494202475433104,80.39406557080142
2776,-7.055566123551509,-8.493093911250106,80.74597886884786
2777,-7.031157387765339,-8.491716820932417,81.09412481126164
2778,-7.006076487539245,-8.490836301204428,81.44043605737384
2779,-6.98149480787615,-8.489666285120041,81.7764507175464
2780,-6.9562659193477,-8.489002964976194,82.11231575574907
2781,-6.931562286765337,-8.488059286853602,82.4323875183802
2782,-6.906196909713433,-8.487618668413017,82.75335851515065
2783,-6.8813252875271065,-8.486870462263365,83.06191006766174
2784,-6.855757236112875,-8.486589765826189,83.36905958596849
2785,-6.830672428700862,-8.48598517492628,83.67006094751565
2786,-6.804892151890737,-8.48580902900868,83.96858458968426
2787,-6.779670624481167,-8.485277848085795,84.26143588257224
2788,-6.753786458215205,-8.485208221900466,84.54908743972756
2789,-6.72843955546297,-8.48483587738938,84.83318078227985
2790,-6.7024277924300915,-8.484959369746916,85.11403159547358
2791,-6.6768685515746755,-8.48477487913274,85.3887868158085
2792,-6.650615248344363,-8.4850698949651,85.6605248023957
2793,-6.624830712895492,-8.485038567442016,85.92320679731777
2794,-6.59839628057309,-8.485439719578213,86.18180090905149
2795,-6.572507330912954,-8.485546045229425,86.42974608966837
2796,-6.545986906566984,-8.486084964937286,86.6749373802221
2797,-6.519988689010844,-8.486327571783274,86.90867604375191
2798,-6.493322076043378,-8.486992797235075,87.13718751429124
2799,-6.46712132834176,-8.487342224402289,87.3579811985082
2800,-6.44019821782928,-8.488141222196157,87.57810249165618
2801,-6.413771209644884,-8.487854236270364,87.77722092161511
2802,-6.3864024254374545,-8.487948761635417,87.98034935447097
2803,-6.359332731222024,-8.487585991789892,88.17902919271934
2804,-6.331802201151898,-8.487737711896203,88.37390219871794
2805,-6.304532089143675,-8.48743124922612,88.55956966141025
2806,-6.2767840909709935,-8.4876377238594,88.7420261882202
2807,-6.249261992133011,-8.487334472205205,88.91640825017107
2808,-6.221231341053505,-8.487516355348246,89.08841259081512
2809,-6.193494746919126,-8.487193537009757,89.24969145084135
2810,-6.165301759778555,-8.48734516244238,89.40927065506706
2811,-6.137372855504543,-8.486981920017367,89.56098594835561
2812,-6.108993043312262,-8.487140365900204,89.70929080823073
2813,-6.080868052598579,-8.486828147858887,89.85429189411755
2814,-6.05226323545845,-8.48705346097802,89.99691651679706
2815,-6.023898516347256,-8.486825579046176,90.13493400438077
2816,-5.995075104031708,-8.487135093364776,90.27107683565788
2817,-5.966528948004222,-8.486963937539437,90.39926326357292
2818,-5.9375519859483,-8.48732148218638,90.52446520331219
2819,-5.90886772229054,-8.487202775583729,90.63917888291324
2820,-5.87971953120511,-8.487606989624759,90.75146262660664
2821,-5.850849967073768,-8.487569120149892,90.8557982964886
2822,-5.821502520413687,-8.488064238287441,90.95884566041671
2823,-5.792427746612034,-8.488085832566535,91.05176535411731
2824,-5.7629077329778875,-8.488591342719145,91.14629932893199
2825,-5.733655699700966,-8.488616098310443,91.23060535296165
2826,-5.703963891077068,-8.48911190677696,91.31475734400678
2827,-5.674528752088878,-8.489110796727978,91.39138866013718
2828,-5.644598870531476,-8.489593468431453,91.46745650433621
2829,-5.61490957782506,-8.489609566903008,91.53605108221264
2830,-5.584757242382573,-8.490121986656884,91.6063670234139
2831,-5.554865157758919,-8.490161295960743,91.6702787391614
2832,-5.524512683262089,-8.490695485140035,91.73669916210397
2833,-5.494404323051678,-8.490732631939089,91.79864536926443
2834,-5.463864705983688,-8.491227218326094,91.86042558947828
2835,-5.433573713917372,-8.491240557848617,91.9125970118231
2836,-5.402823273629079,-8.491709803245357,91.96312660285278
2837,-5.372308034056354,-8.49167126553205,92.00363385115949
2838,-5.341334016445835,-8.492074682736211,92.03917022580421
2839,-5.310659514206427,-8.49195360061296,92.06299289211614
2840,-5.279543790815823,-8.492303382806503,92.08258031822692
2841,-5.248722789706906,-8.49211254195476,92.09220343515227
2842,-5.217446445102655,-8.492417547439011,92.10130056878913
2843,-5.1864321909910025,-8.49222220879818,92.10501084672758
2844,-5.154966144269481,-8.492503578207483,92.11031323024403
2845,-5.123772177784205,-8.4922717436492,92.11613528567527
2846,-5.092163721165036,-8.492496442178313,92.12156782542155
2847,-5.0608475133267925,-8.492148706514309,92.12237175181905
2848,-5.029132956734694,-8.492257703541393,92.12156724180355
2849,-4.997715821339616,-8.491800614246085,92.11345553959242
2850,-4.965848936608696,-8.491807716350516,92.10421133942758
2851,-4.933735454395341,-8.491699429376085,92.08149461901421
2852,-4.900753063237271,-8.492544323395595,92.06370877428115
2853,-4.867631139247115,-8.49331065087792,92.04264241844668
2854,-4.8344510704164,-8.494102094500498,92.02390213939023
2855,-4.8010970639455905,-8.49486811666018,92.00975116708969
2856,-4.767688598041287,-8.495646133976026,92.00012502593528
2857,-4.7340892023586285,-8.496373975815569,91.99425139024284
2858,-4.7004055246521945,-8.497112249906491,91.99077286627046
2859,-4.666560298623793,-8.497792177392961,91.99320448914357
2860,-4.632672981877615,-8.498497466382327,91.99264950100972
2861,-4.598647938039742,-8.499159631507192,91.99157539789684
2862,-4.564627511564879,-8.499874740524758,91.98781639939317
2863,-4.53048803226253,-8.50055147198534,91.97936097853415
2864,-4.49633187834137,-8.50124483603486,91.9698994180626
2865,-4.462036030404588,-8.501879743027295,91.9521461011628
2866,-4.427716283675529,-8.502530346128113,91.93649165857863
2867,-4.393287853189302,-8.50315440588284,91.91997450863082
2868,-4.358823671467166,-8.503818642783559,91.90270589993105
2869,-4.3242199120724125,-8.504439243792916,91.89054230200178
2870,-4.289588607259319,-8.505097183315542,91.87754501603753
2871,-4.254788305748125,-8.505730947123203,91.86905446502786
2872,-4.219943115227503,-8.506397983209272,91.85970329352263
2873,-4.1849283353866,-8.507038763915046,91.85312086233375
2874,-4.1498496589978275,-8.507700820954117,91.84580306043793
2875,-4.114643808797438,-8.508367155665953,91.83932434573858
2876,-4.079404357282918,-8.509053546209467,91.82849428422321
2877,-4.0440941340760785,-8.509706664474574,91.81768592064448
2878,-4.00878965530511,-8.51038911422586,91.80384650024756
2879,-3.973389375340966,-8.51101209627845,91.7910632606192
2880,-3.9379847700832293,-8.511635777338428,91.77573468855877
2881,-3.902471066596371,-8.512221197605635,91.76121893196579
2882,-3.866927123623464,-8.51280294137799,91.7467023207213
2883,-3.8312695935204917,-8.513358823454801,91.7343311996711
2884,-3.795591408898414,-8.513933464333778,91.7237249962736
2885,-3.759785370585284,-8.514472968651658,91.71427687244767
2886,-3.72395370893721,-8.515052916779746,91.70341936601231
2887,-3.688006341746855,-8.515619872522166,91.69618573624484
2888,-3.652027054156411,-8.51622841762641,91.68518937805455
2889,-3.6159417393074134,-8.51682664093191,91.6742465425738
2890,-3.5798662518066195,-8.517433989991906,91.66211755355035
2891,-3.5437328763894023,-8.517989237755014,91.64510684173752
2892,-3.507623991174737,-8.518562772529744,91.6273250029123
2893,-3.4714196101672834,-8.51908972785039,91.6083033784855
2894,-3.4352181789397687,-8.519648057242016,91.59094379489872
2895,-3.3988842342414705,-8.520138125327302,91.57545197872588
2896,-3.362510918343138,-8.520668171743834,91.56209978205177
2897,-3.3259782937256834,-8.521141458129122,91.55722620568321
2898,-3.289414158332469,-8.521634541571343,91.55162437210826
2899,-3.252724042855346,-8.52207868187309,91.54804853688448
2900,-3.216006283795473,-8.522579983780306,91.54678965679645
2901,-3.1787366504794963,-8.523592486517675,91.54185527580223
2902,-3.1412862249813815,-8.524889942063405,91.53406749922877
2903,-3.1035411899088663,-8.526394389002961,91.52597067255518
2904,-3.0659961072571242,-8.527637035584352,91.51417846843566
2905,-3.0281747378423627,-8.529063379098838,91.50036724717629
2906,-2.990576058634413,-8.530238230641798,91.4827020484508
2907,-2.952712294313393,-8.531588864397609,91.46459256259061
2908,-2.9150689672653702,-8.532700681410708,91.44661684198185
2909,-2.8770621216506127,-8.53401052027472,91.43263849738867
2910,-2.839212128220903,-8.535086728147235,91.41915680100429
2911,-2.8009813211096226,-8.536359443880615,91.41315329808378
2912,-2.7628950386724855,-8.53738950306432,91.40634252820087
2913,-2.724477396814245,-8.538581817168877,91.40168840712904
2914,-2.6862424534667557,-8.539514759295345,91.39608202647325
2915,-2.647728894072334,-8.54066166079901,91.38796501914958
2916,-2.609411417481863,-8.54159915672983,91.37799077052692
2917,-2.5707955029049834,-8.542797511804576,91.3666222620158
2918,-2.5323628297728784,-8.54378777569283,91.35493780475514
2919,-2.4936066140153184,-8.545010086366219,91.33850815430549
2920,-2.4550954978240016,-8.546023170557817,91.32449413920067
2921,-2.416281706821844,-8.547233175229767,91.30862179734214
2922,-2.3776868273026492,-8.548222003233766,91.29401509900097
2923,-2.338760639262415,-8.549435279670556,91.27774863674102
2924,-2.299999683739308,-8.550391532825644,91.26447922241135
2925,-2.26087460854394,-8.551578539681088,91.25449836519638
2926,-2.2219180477079647,-8.552516449020342,91.24305945568678
2927,-2.1826577783050727,-8.553641588199119,91.23143923814388
2928,-2.14358102423778,-8.554511435835723,91.21973605481512
2929,-2.104232948587587,-8.555595720951647,91.20707710703694
2930,-2.0650609532278295,-8.556451422761494,91.19242211672368
2931,-2.0255810791315705,-8.557541210785486,91.17988015853484
2932,-1.9862728715629951,-8.558453769667107,91.16637594381008
2933,-1.946641612191017,-8.559619504922939,91.15392822828338
2934,-1.907197364504319,-8.560574775049577,91.14044322850793
2935,-1.8674632773064255,-8.561716092383595,91.127828644641
2936,-1.8279262436494308,-8.5625606400552,91.11361313900039
2937,-1.7880816148420093,-8.563537641737778,91.09567383391003
2938,-1.748430818328536,-8.564213745985182,91.07656233093532
2939,-1.7084399415162097,-8.565075558192587,91.0549024085686
2940,-1.668629080054082,-8.565720446947438,91.03606236281763
2941,-1.628492706618758,-8.566637756081313,91.01964799856034
2942,-1.5885787688899229,-8.567354371199453,91.00371999944353
2943,-1.5483860866520873,-8.568306753778632,90.9881794182115
2944,-1.5083906857935354,-8.569017212740265,90.97140890830954
2945,-1.4680979849285927,-8.569987022378408,90.95935967708373
2946,-1.4280315009178008,-8.570710510017289,90.94639045587697
2947,-1.3876502230331482,-8.571680346479644,90.93570728798329
2948,-1.3475003489616197,-8.572421317192756,90.92368460268285
2949,-1.3070132062138589,-8.573358656123043,90.91245726105242
2950,-1.266701960758682,-8.574003904637905,90.89878685881659
2951,-1.2258846656484945,-8.575178765648234,90.88373225031215
2952,-1.18530920280516,-8.576025735388335,90.86826464976556
2953,-1.1444644846791698,-8.577070730924087,90.85117830852225
2954,-1.1037968454544083,-8.57782278003649,90.83800303827607
2955,-1.0628215226100601,-8.578831971561652,90.8223008529294
2956,-1.0219976371534019,-8.579548388653997,90.80704160336934
2957,-0.9808756566798187,-8.580536069528486,90.7878254090461
2958,-0.939877694213842,-8.581230306153824,90.77076251144098
2959,-0.8985942684303264,-8.582182201952461,90.75325983300864
2960,-0.8574580456338816,-8.582882023536394,90.73616165843177
2961,-0.8160980552459219,-8.583786947774092,90.71835551664452
2962,-0.774913176835263,-8.584444954357247,90.70262344269736
2963,-0.7334730842883638,-8.58535293655504,90.68518929184307
2964,-0.6921920762579207,-8.585984066067358,90.66922901904465
2965,-0.6506212371996261,-8.586914410979006,90.65364988443949
2966,-0.6092098922821175,-8.587559532473339,90.63563908074418
2967,-0.5675052018084815,-8.58850282322276,90.61798074631565
2968,-0.5259738636241956,-8.589172619835756,90.60182017618841
2969,-0.4841467815212104,-8.590062821526153,90.58356053752135
2970,-0.484208027803126,-8.628218426985628,89.98352157417015
2971,-0.4842692740850416,-8.666374032445102,89.38348261081897
2972,-0.48433052036695723,-8.704529637904578,88.78344364746778
2973,-0.4843917666488729,-8.742685243364052,88.1834046841166
2974,-0.4844530129307885,-8.780840848823527,87.5833657207654
2975,-0.48451425921270413,-8.818996454283003,86.98332675741422
